/*
Navicat MySQL Data Transfer

Source Server         : local
Source Server Version : 50528
Source Host           : localhost:3306
Source Database       : yc_platform

Target Server Type    : MYSQL
Target Server Version : 50528
File Encoding         : 65001

Date: 2017-08-22 01:57:45
*/

SET FOREIGN_KEY_CHECKS=0;

-- ----------------------------
-- Table structure for access_token
-- ----------------------------
DROP TABLE IF EXISTS `access_token`;
CREATE TABLE `access_token` (
  `uid` int(10) NOT NULL,
  `token` varchar(64) NOT NULL COMMENT 'app用户登陆凭证',
  `create_time` datetime NOT NULL,
  `update_time` datetime NOT NULL,
  `im_token` varchar(64) DEFAULT NULL COMMENT '第三方IM登陆凭证',
  PRIMARY KEY (`uid`),
  UNIQUE KEY `token_index` (`token`)
) ENGINE=InnoDB DEFAULT CHARSET=utf8 ROW_FORMAT=COMPACT;

-- ----------------------------
-- Records of access_token
-- ----------------------------

-- ----------------------------
-- Table structure for app_version
-- ----------------------------
DROP TABLE IF EXISTS `app_version`;
CREATE TABLE `app_version` (
  `id` int(11) NOT NULL AUTO_INCREMENT,
  `content` varchar(255) DEFAULT NULL COMMENT '更新说明',
  `create_time` datetime DEFAULT NULL,
  `link_url` varchar(255) DEFAULT NULL COMMENT '外部下载地址',
  `nature_no` int(11) DEFAULT NULL COMMENT '自然版本号',
  `os` varchar(20) DEFAULT NULL COMMENT '系统类型android or ios',
  `url` varchar(200) DEFAULT NULL COMMENT '内部下载地址',
  `version_no` varchar(20) DEFAULT NULL COMMENT '版本号',
  `status` tinyint(4) DEFAULT NULL COMMENT '1-有效   0-无效',
  `is_force` tinyint(4) DEFAULT '0' COMMENT '是否强制升级 0:否 1：是',
  PRIMARY KEY (`id`)
) ENGINE=InnoDB DEFAULT CHARSET=utf8 ROW_FORMAT=COMPACT;

-- ----------------------------
-- Records of app_version
-- ----------------------------

-- ----------------------------
-- Table structure for dict_data
-- ----------------------------
DROP TABLE IF EXISTS `dict_data`;
CREATE TABLE `dict_data` (
  `id` int(11) NOT NULL AUTO_INCREMENT,
  `name` varchar(32) NOT NULL COMMENT '名称',
  `value` varchar(255) NOT NULL COMMENT '对应的值',
  `remark` varchar(32) DEFAULT NULL,
  `seq` int(11) NOT NULL COMMENT '排序，由小到大',
  `update_time` int(10) NOT NULL,
  `dict_type_id` int(11) NOT NULL COMMENT '字典类型ID',
  PRIMARY KEY (`id`)
) ENGINE=InnoDB AUTO_INCREMENT=20 DEFAULT CHARSET=utf8 ROW_FORMAT=COMPACT;

-- ----------------------------
-- Records of dict_data
-- ----------------------------
INSERT INTO `dict_data` VALUES ('4', '诽谤辱骂', '1', '', '1', '1467514812', '3');
INSERT INTO `dict_data` VALUES ('5', '淫秽色情', '2', '', '2', '1467514834', '3');
INSERT INTO `dict_data` VALUES ('6', '垃圾广告', '3', '', '3', '1467514907', '3');
INSERT INTO `dict_data` VALUES ('7', '民营企业', '1', '民营企业', '1', '1503325387', '4');
INSERT INTO `dict_data` VALUES ('8', '事业单位', '2', '事业单位', '2', '1503325407', '4');
INSERT INTO `dict_data` VALUES ('9', '政府', '3', '政府', '3', '1503325424', '4');
INSERT INTO `dict_data` VALUES ('10', '社区', '4', '社区', '4', '1503325441', '4');
INSERT INTO `dict_data` VALUES ('11', '生活用水', '1', '生活用水', '1', '1503325485', '5');
INSERT INTO `dict_data` VALUES ('12', '生产用水', '2', '生产用水', '2', '1503325498', '5');
INSERT INTO `dict_data` VALUES ('13', '绿化用水', '3', '绿化用水', '3', '1503325510', '5');
INSERT INTO `dict_data` VALUES ('14', '节水型单位', '1', '节水型单位', '1', '1503325596', '6');
INSERT INTO `dict_data` VALUES ('15', '非节水型单位', '2', '非节水型单位', '2', '1503325609', '6');
INSERT INTO `dict_data` VALUES ('16', '市政自来水', '1', '市政自来水', '1', '1503325654', '7');
INSERT INTO `dict_data` VALUES ('17', '自备井', '2', '自备井', '2', '1503325670', '7');
INSERT INTO `dict_data` VALUES ('18', '预付费', '1', '预付费', '1', '1503325714', '8');
INSERT INTO `dict_data` VALUES ('19', '后付费', '2', '后付费', '2', '1503325726', '8');

-- ----------------------------
-- Table structure for dict_type
-- ----------------------------
DROP TABLE IF EXISTS `dict_type`;
CREATE TABLE `dict_type` (
  `id` int(11) NOT NULL AUTO_INCREMENT,
  `name` varchar(32) NOT NULL,
  `remark` varchar(32) DEFAULT NULL,
  `update_time` int(11) NOT NULL,
  PRIMARY KEY (`id`)
) ENGINE=InnoDB AUTO_INCREMENT=9 DEFAULT CHARSET=utf8 ROW_FORMAT=COMPACT;

-- ----------------------------
-- Records of dict_type
-- ----------------------------
INSERT INTO `dict_type` VALUES ('1', '兴趣爱好', '用户选择兴趣爱好', '0');
INSERT INTO `dict_type` VALUES ('3', '举报内容', '举报内容2', '1473167795');
INSERT INTO `dict_type` VALUES ('4', 'UserType', '用户类型', '1503325346');
INSERT INTO `dict_type` VALUES ('5', 'WaterUseType', '取水用途', '1503325468');
INSERT INTO `dict_type` VALUES ('6', 'UnitType', '节水型单位类型', '1503325574');
INSERT INTO `dict_type` VALUES ('7', 'WatersType', '水源类型', '1503325636');
INSERT INTO `dict_type` VALUES ('8', 'ChargeType', '收费类型', '1503325697');

-- ----------------------------
-- Table structure for sys_log
-- ----------------------------
DROP TABLE IF EXISTS `sys_log`;
CREATE TABLE `sys_log` (
  `id` int(11) NOT NULL AUTO_INCREMENT,
  `uid` int(11) DEFAULT NULL COMMENT '系统用户ID',
  `from` varchar(255) DEFAULT NULL COMMENT '来源 url',
  `ip` varchar(22) DEFAULT NULL COMMENT '客户端IP',
  `url` varchar(255) DEFAULT NULL,
  `date` datetime DEFAULT NULL COMMENT '记录时间',
  `err_msg` text COMMENT '异常信息',
  `err_code` int(10) DEFAULT '0' COMMENT '状态码，0：正常',
  `class_name` varchar(200) DEFAULT NULL COMMENT 'controller类名',
  `method_name` varchar(64) DEFAULT NULL COMMENT '方法名',
  `start_time` datetime DEFAULT NULL COMMENT '操作时间',
  `spend_time` bigint(20) DEFAULT NULL COMMENT '耗时，毫秒',
  `params` text COMMENT '提供的参数',
  PRIMARY KEY (`id`),
  KEY `FK_sys_EVENT` (`uid`),
  CONSTRAINT `sys_log_ibfk_1` FOREIGN KEY (`uid`) REFERENCES `sys_user` (`id`) ON DELETE CASCADE ON UPDATE CASCADE
) ENGINE=InnoDB AUTO_INCREMENT=38024 DEFAULT CHARSET=utf8 ROW_FORMAT=COMPACT;

-- ----------------------------
-- Records of sys_log
-- ----------------------------
INSERT INTO `sys_log` VALUES ('37431', null, 'http://localhost/login', '127.0.0.1', '/image/getCode', null, '', '0', 'com.shangsc.platform.controller.ImageController', 'getCode', '2017-08-21 22:05:50', '764', null);
INSERT INTO `sys_log` VALUES ('37432', '1', 'http://localhost/', '127.0.0.1', '/basic/company', null, '', '0', 'com.shangsc.platform.controller.basic.CompanyController', 'index', '2017-08-21 22:06:18', '1', null);
INSERT INTO `sys_log` VALUES ('37433', '1', 'http://localhost/basic/company', '127.0.0.1', '/basic/company/getListData', null, '', '0', 'com.shangsc.platform.controller.basic.CompanyController', 'getListData', '2017-08-21 22:06:19', '8', null);
INSERT INTO `sys_log` VALUES ('37434', '1', 'http://localhost/', '127.0.0.1', '/basic/meter', null, '', '0', 'com.shangsc.platform.controller.basic.MeterController', 'index', '2017-08-21 22:06:20', '0', null);
INSERT INTO `sys_log` VALUES ('37435', '1', 'http://localhost/basic/meter', '127.0.0.1', '/basic/meter/getListData', null, 'com.jfinal.plugin.activerecord.ActiveRecordException: java.sql.SQLException: sql injection violation, syntax error: syntax error, error in :\'eter twm\',expect IDENTIFIER, actual IDENTIFIER twm : select count(*) t_water_meter twm\r\n	at com.jfinal.plugin.activerecord.Model.paginate(Model.java:299)\r\n	at com.jfinal.plugin.activerecord.Model.paginate(Model.java:373)\r\n	at com.shangsc.platform.model.WaterMeter.getWaterMeterPage(WaterMeter.java:23)\r\n	at com.shangsc.platform.controller.basic.MeterController.getListData(MeterController.java:26)\r\n	at sun.reflect.NativeMethodAccessorImpl.invoke0(Native Method)\r\n	at sun.reflect.NativeMethodAccessorImpl.invoke(NativeMethodAccessorImpl.java:57)\r\n	at sun.reflect.DelegatingMethodAccessorImpl.invoke(DelegatingMethodAccessorImpl.java:43)\r\n	at java.lang.reflect.Method.invoke(Method.java:606)\r\n	at com.jfinal.aop.Invocation.invoke(Invocation.java:73)\r\n	at com.shangsc.platform.core.auth.interceptor.AuthorityInterceptor.intercept(AuthorityInterceptor.java:92)\r\n	at com.jfinal.aop.Invocation.invoke(Invocation.java:67)\r\n	at com.shangsc.platform.core.auth.interceptor.SysLogInterceptor.intercept(SysLogInterceptor.java:44)\r\n	at com.jfinal.aop.Invocation.invoke(Invocation.java:67)\r\n	at com.jfinal.core.ActionHandler.handle(ActionHandler.java:74)\r\n	at com.shangsc.platform.core.handler.ResourceHandler.handle(ResourceHandler.java:26)\r\n	at com.jfinal.plugin.druid.DruidStatViewHandler.handle(DruidStatViewHandler.java:75)\r\n	at com.jfinal.core.JFinalFilter.doFilter(JFinalFilter.java:74)\r\n	at org.apache.catalina.core.ApplicationFilterChain.internalDoFilter(ApplicationFilterChain.java:241)\r\n	at org.apache.catalina.core.ApplicationFilterChain.doFilter(ApplicationFilterChain.java:208)\r\n	at org.apache.catalina.core.StandardWrapperValve.invoke(StandardWrapperValve.java:220)\r\n	at org.apache.catalina.core.StandardContextValve.invoke(StandardContextValve.java:122)\r\n	at org.apache.catalina.authenticator.AuthenticatorBase.invoke(AuthenticatorBase.java:505)\r\n	at org.apache.catalina.core.StandardHostValve.invoke(StandardHostValve.java:170)\r\n	at org.apache.catalina.valves.ErrorReportValve.invoke(ErrorReportValve.java:103)\r\n	at org.apache.catalina.valves.AccessLogValve.invoke(AccessLogValve.java:957)\r\n	at org.apache.catalina.core.StandardEngineValve.invoke(StandardEngineValve.java:116)\r\n	at org.apache.catalina.connector.CoyoteAdapter.service(CoyoteAdapter.java:423)\r\n	at org.apache.coyote.http11.AbstractHttp11Processor.process(AbstractHttp11Processor.java:1079)\r\n	at org.apache.coyote.AbstractProtocol$AbstractConnectionHandler.process(AbstractProtocol.java:620)\r\n	at org.apache.tomcat.util.net.AprEndpoint$SocketProcessor.doRun(AprEndpoint.java:2516)\r\n	at org.apache.tomcat.util.net.AprEndpoint$SocketProcessor.run(AprEndpoint.java:2505)\r\n	at java.util.concurrent.ThreadPoolExecutor.runWorker(ThreadPoolExecutor.java:1145)\r\n	at java.util.concurrent.ThreadPoolExecutor$Worker.run(ThreadPoolExecutor.java:615)\r\n	at org.apache.tomcat.util.threads.TaskThread$WrappingRunnable.run(TaskThread.java:61)\r\n	at java.lang.Thread.run(Thread.java:745)\r\nCaused by: java.sql.SQLException: sql injection violation, syntax error: syntax error, error in :\'eter twm\',expect IDENTIFIER, actual IDENTIFIER twm : select count(*) t_water_meter twm\r\n	at com.alibaba.druid.wall.WallFilter.check(WallFilter.java:724)\r\n	at com.alibaba.druid.wall.WallFilter.connection_prepareStatement(WallFilter.java:252)\r\n	at com.alibaba.druid.filter.FilterChainImpl.connection_prepareStatement(FilterChainImpl.java:448)\r\n	at com.alibaba.druid.filter.FilterAdapter.connection_prepareStatement(FilterAdapter.java:928)\r\n	at com.alibaba.druid.filter.FilterEventAdapter.connection_prepareStatement(FilterEventAdapter.java:122)\r\n	at com.alibaba.druid.filter.FilterChainImpl.connection_prepareStatement(FilterChainImpl.java:448)\r\n	at com.alibaba.druid.proxy.jdbc.ConnectionProxyImpl.prepareStatement(ConnectionProxyImpl.java:342)\r\n	at com.alibaba.druid.pool.DruidPooledConnection.prepareStatement(DruidPooledConnection.java:331)\r\n	at sun.reflect.NativeMethodAccessorImpl.invoke0(Native Method)\r\n	at sun.reflect.NativeMethodAccessorImpl.invoke(NativeMethodAccessorImpl.java:57)\r\n	at sun.reflect.DelegatingMethodAccessorImpl.invoke(DelegatingMethodAccessorImpl.java:43)\r\n	at java.lang.reflect.Method.invoke(Method.java:606)\r\n	at com.jfinal.plugin.activerecord.SqlReporter.invoke(SqlReporter.java:58)\r\n	at com.sun.proxy.$Proxy7.prepareStatement(Unknown Source)\r\n	at com.jfinal.plugin.activerecord.DbPro.query(DbPro.java:93)\r\n	at com.jfinal.plugin.activerecord.Db.query(Db.java:39)\r\n	at com.jfinal.plugin.activerecord.Model.doPaginate(Model.java:338)\r\n	at com.jfinal.plugin.activerecord.Model.paginate(Model.java:326)\r\n	at com.jfinal.plugin.activerecord.Model.paginate(Model.java:297)\r\n	... 34 more\r\nCaused by: com.alibaba.druid.sql.parser.ParserException: syntax error, error in :\'eter twm\',expect IDENTIFIER, actual IDENTIFIER twm\r\n	at com.alibaba.druid.sql.parser.SQLParser.printError(SQLParser.java:239)\r\n	at com.alibaba.druid.sql.parser.SQLStatementParser.parseStatementList(SQLStatementParser.java:416)\r\n	at com.alibaba.druid.sql.parser.SQLStatementParser.parseStatementList(SQLStatementParser.java:145)\r\n	at com.alibaba.druid.wall.WallProvider.checkInternal(WallProvider.java:620)\r\n	at com.alibaba.druid.wall.WallProvider.check(WallProvider.java:574)\r\n	at com.alibaba.druid.wall.WallFilter.check(WallFilter.java:711)\r\n	... 52 more\r\n', '-1', 'com.shangsc.platform.controller.basic.MeterController', 'getListData', '2017-08-21 22:06:20', '6', null);
INSERT INTO `sys_log` VALUES ('37436', '1', 'http://localhost/', '127.0.0.1', '/basic/well', null, '', '0', 'com.shangsc.platform.controller.basic.WellController', 'index', '2017-08-21 22:06:22', '1', null);
INSERT INTO `sys_log` VALUES ('37437', '1', 'http://localhost/basic/well', '127.0.0.1', '/basic/well/getListData', null, '', '0', 'com.shangsc.platform.controller.basic.WellController', 'getListData', '2017-08-21 22:06:22', '2', null);
INSERT INTO `sys_log` VALUES ('37438', '1', 'http://localhost/', '127.0.0.1', '/basic/waterindex', null, '', '0', 'com.shangsc.platform.controller.basic.CompanyController', 'index', '2017-08-21 22:06:24', '0', null);
INSERT INTO `sys_log` VALUES ('37439', '1', 'http://localhost/basic/waterindex', '127.0.0.1', '/basic/company/getListData', null, '', '0', 'com.shangsc.platform.controller.basic.CompanyController', 'getListData', '2017-08-21 22:06:24', '2', null);
INSERT INTO `sys_log` VALUES ('37440', '1', 'http://localhost/', '127.0.0.1', '/sys/res', null, '', '0', 'com.shangsc.platform.controller.sys.ResController', 'index', '2017-08-21 22:06:46', '0', null);
INSERT INTO `sys_log` VALUES ('37441', '1', 'http://localhost/sys/res', '127.0.0.1', '/sys/res/getTreeGridView', null, '', '0', 'com.shangsc.platform.controller.sys.ResController', 'getTreeGridView', '2017-08-21 22:06:47', '36', null);
INSERT INTO `sys_log` VALUES ('37442', '1', 'http://localhost/', '127.0.0.1', '/sys/res/add', null, '', '0', 'com.shangsc.platform.controller.sys.ResController', 'add', '2017-08-21 22:07:17', '8', null);
INSERT INTO `sys_log` VALUES ('37443', '1', 'http://localhost/', '127.0.0.1', '/sys/res/add', null, '', '0', 'com.shangsc.platform.controller.sys.ResController', 'add', '2017-08-21 22:07:32', '4', null);
INSERT INTO `sys_log` VALUES ('37444', '1', 'http://localhost/sys/res/add', '127.0.0.1', '/sys/res/saveRes', null, '', '0', 'com.shangsc.platform.controller.sys.ResController', 'saveRes', '2017-08-21 22:10:20', '8', null);
INSERT INTO `sys_log` VALUES ('37445', '1', 'http://localhost/sys/res', '127.0.0.1', '/sys/res/getTreeGridView', null, '', '0', 'com.shangsc.platform.controller.sys.ResController', 'getTreeGridView', '2017-08-21 22:10:22', '36', null);
INSERT INTO `sys_log` VALUES ('37446', '1', 'http://localhost/', '127.0.0.1', '/sys/res', null, '', '0', 'com.shangsc.platform.controller.sys.ResController', 'index', '2017-08-21 22:10:26', '0', null);
INSERT INTO `sys_log` VALUES ('37447', '1', 'http://localhost/sys/res', '127.0.0.1', '/sys/res/getTreeGridView', null, '', '0', 'com.shangsc.platform.controller.sys.ResController', 'getTreeGridView', '2017-08-21 22:10:26', '29', null);
INSERT INTO `sys_log` VALUES ('37448', null, 'http://localhost/login', '127.0.0.1', '/image/getCode', null, '', '0', 'com.shangsc.platform.controller.ImageController', 'getCode', '2017-08-21 22:10:29', '18', null);
INSERT INTO `sys_log` VALUES ('37449', '1', 'http://localhost/', '127.0.0.1', '/basic/company', null, '', '0', 'com.shangsc.platform.controller.basic.CompanyController', 'index', '2017-08-21 22:11:40', '0', null);
INSERT INTO `sys_log` VALUES ('37450', '1', 'http://localhost/basic/company', '127.0.0.1', '/basic/company/getListData', null, '', '0', 'com.shangsc.platform.controller.basic.CompanyController', 'getListData', '2017-08-21 22:11:40', '3', null);
INSERT INTO `sys_log` VALUES ('37451', '1', 'http://localhost/', '127.0.0.1', '/basic/meter', null, '', '0', 'com.shangsc.platform.controller.basic.MeterController', 'index', '2017-08-21 22:11:41', '0', null);
INSERT INTO `sys_log` VALUES ('37452', '1', 'http://localhost/basic/meter', '127.0.0.1', '/basic/meter/getListData', null, 'com.jfinal.plugin.activerecord.ActiveRecordException: java.sql.SQLException: sql injection violation, syntax error: syntax error, error in :\'eter twm\',expect IDENTIFIER, actual IDENTIFIER twm : select count(*) t_water_meter twm\r\n	at com.jfinal.plugin.activerecord.Model.paginate(Model.java:299)\r\n	at com.jfinal.plugin.activerecord.Model.paginate(Model.java:373)\r\n	at com.shangsc.platform.model.WaterMeter.getWaterMeterPage(WaterMeter.java:23)\r\n	at com.shangsc.platform.controller.basic.MeterController.getListData(MeterController.java:26)\r\n	at sun.reflect.NativeMethodAccessorImpl.invoke0(Native Method)\r\n	at sun.reflect.NativeMethodAccessorImpl.invoke(NativeMethodAccessorImpl.java:57)\r\n	at sun.reflect.DelegatingMethodAccessorImpl.invoke(DelegatingMethodAccessorImpl.java:43)\r\n	at java.lang.reflect.Method.invoke(Method.java:606)\r\n	at com.jfinal.aop.Invocation.invoke(Invocation.java:73)\r\n	at com.shangsc.platform.core.auth.interceptor.AuthorityInterceptor.intercept(AuthorityInterceptor.java:92)\r\n	at com.jfinal.aop.Invocation.invoke(Invocation.java:67)\r\n	at com.shangsc.platform.core.auth.interceptor.SysLogInterceptor.intercept(SysLogInterceptor.java:44)\r\n	at com.jfinal.aop.Invocation.invoke(Invocation.java:67)\r\n	at com.jfinal.core.ActionHandler.handle(ActionHandler.java:74)\r\n	at com.shangsc.platform.core.handler.ResourceHandler.handle(ResourceHandler.java:26)\r\n	at com.jfinal.plugin.druid.DruidStatViewHandler.handle(DruidStatViewHandler.java:75)\r\n	at com.jfinal.core.JFinalFilter.doFilter(JFinalFilter.java:74)\r\n	at org.apache.catalina.core.ApplicationFilterChain.internalDoFilter(ApplicationFilterChain.java:241)\r\n	at org.apache.catalina.core.ApplicationFilterChain.doFilter(ApplicationFilterChain.java:208)\r\n	at org.apache.catalina.core.StandardWrapperValve.invoke(StandardWrapperValve.java:220)\r\n	at org.apache.catalina.core.StandardContextValve.invoke(StandardContextValve.java:122)\r\n	at org.apache.catalina.authenticator.AuthenticatorBase.invoke(AuthenticatorBase.java:505)\r\n	at org.apache.catalina.core.StandardHostValve.invoke(StandardHostValve.java:170)\r\n	at org.apache.catalina.valves.ErrorReportValve.invoke(ErrorReportValve.java:103)\r\n	at org.apache.catalina.valves.AccessLogValve.invoke(AccessLogValve.java:957)\r\n	at org.apache.catalina.core.StandardEngineValve.invoke(StandardEngineValve.java:116)\r\n	at org.apache.catalina.connector.CoyoteAdapter.service(CoyoteAdapter.java:423)\r\n	at org.apache.coyote.http11.AbstractHttp11Processor.process(AbstractHttp11Processor.java:1079)\r\n	at org.apache.coyote.AbstractProtocol$AbstractConnectionHandler.process(AbstractProtocol.java:620)\r\n	at org.apache.tomcat.util.net.AprEndpoint$SocketProcessor.doRun(AprEndpoint.java:2516)\r\n	at org.apache.tomcat.util.net.AprEndpoint$SocketProcessor.run(AprEndpoint.java:2505)\r\n	at java.util.concurrent.ThreadPoolExecutor.runWorker(ThreadPoolExecutor.java:1145)\r\n	at java.util.concurrent.ThreadPoolExecutor$Worker.run(ThreadPoolExecutor.java:615)\r\n	at org.apache.tomcat.util.threads.TaskThread$WrappingRunnable.run(TaskThread.java:61)\r\n	at java.lang.Thread.run(Thread.java:745)\r\nCaused by: java.sql.SQLException: sql injection violation, syntax error: syntax error, error in :\'eter twm\',expect IDENTIFIER, actual IDENTIFIER twm : select count(*) t_water_meter twm\r\n	at com.alibaba.druid.wall.WallFilter.check(WallFilter.java:724)\r\n	at com.alibaba.druid.wall.WallFilter.connection_prepareStatement(WallFilter.java:252)\r\n	at com.alibaba.druid.filter.FilterChainImpl.connection_prepareStatement(FilterChainImpl.java:448)\r\n	at com.alibaba.druid.filter.FilterAdapter.connection_prepareStatement(FilterAdapter.java:928)\r\n	at com.alibaba.druid.filter.FilterEventAdapter.connection_prepareStatement(FilterEventAdapter.java:122)\r\n	at com.alibaba.druid.filter.FilterChainImpl.connection_prepareStatement(FilterChainImpl.java:448)\r\n	at com.alibaba.druid.proxy.jdbc.ConnectionProxyImpl.prepareStatement(ConnectionProxyImpl.java:342)\r\n	at com.alibaba.druid.pool.DruidPooledConnection.prepareStatement(DruidPooledConnection.java:331)\r\n	at sun.reflect.GeneratedMethodAccessor22.invoke(Unknown Source)\r\n	at sun.reflect.DelegatingMethodAccessorImpl.invoke(DelegatingMethodAccessorImpl.java:43)\r\n	at java.lang.reflect.Method.invoke(Method.java:606)\r\n	at com.jfinal.plugin.activerecord.SqlReporter.invoke(SqlReporter.java:58)\r\n	at com.sun.proxy.$Proxy7.prepareStatement(Unknown Source)\r\n	at com.jfinal.plugin.activerecord.DbPro.query(DbPro.java:93)\r\n	at com.jfinal.plugin.activerecord.Db.query(Db.java:39)\r\n	at com.jfinal.plugin.activerecord.Model.doPaginate(Model.java:338)\r\n	at com.jfinal.plugin.activerecord.Model.paginate(Model.java:326)\r\n	at com.jfinal.plugin.activerecord.Model.paginate(Model.java:297)\r\n	... 34 more\r\nCaused by: com.alibaba.druid.sql.parser.ParserException: syntax error, error in :\'eter twm\',expect IDENTIFIER, actual IDENTIFIER twm\r\n	at com.alibaba.druid.sql.parser.SQLParser.printError(SQLParser.java:239)\r\n	at com.alibaba.druid.sql.parser.SQLStatementParser.parseStatementList(SQLStatementParser.java:416)\r\n	at com.alibaba.druid.sql.parser.SQLStatementParser.parseStatementList(SQLStatementParser.java:145)\r\n	at com.alibaba.druid.wall.WallProvider.checkInternal(WallProvider.java:620)\r\n	at com.alibaba.druid.wall.WallProvider.check(WallProvider.java:574)\r\n	at com.alibaba.druid.wall.WallFilter.check(WallFilter.java:711)\r\n	at com.alibaba.druid.wall.WallFilter.connection_prepareStatement(WallFilter.java:252)\r\n	at com.alibaba.druid.filter.FilterChainImpl.connection_prepareStatement(FilterChainImpl.java:448)\r\n	at com.alibaba.druid.filter.FilterAdapter.connection_prepareStatement(FilterAdapter.java:928)\r\n	at com.alibaba.druid.filter.FilterEventAdapter.connection_prepareStatement(FilterEventAdapter.java:122)\r\n	at com.alibaba.druid.filter.FilterChainImpl.connection_prepareStatement(FilterChainImpl.java:448)\r\n	at com.alibaba.druid.proxy.jdbc.ConnectionProxyImpl.prepareStatement(ConnectionProxyImpl.java:342)\r\n	at com.alibaba.druid.pool.DruidPooledConnection.prepareStatement(DruidPooledConnection.java:331)\r\n	at sun.reflect.NativeMethodAccessorImpl.invoke0(Native Method)\r\n	at sun.reflect.NativeMethodAccessorImpl.invoke(NativeMethodAccessorImpl.java:57)\r\n	... 43 more\r\n', '-1', 'com.shangsc.platform.controller.basic.MeterController', 'getListData', '2017-08-21 22:11:41', '0', null);
INSERT INTO `sys_log` VALUES ('37453', '1', 'http://localhost/', '127.0.0.1', '/basic/well', null, '', '0', 'com.shangsc.platform.controller.basic.WellController', 'index', '2017-08-21 22:11:43', '1', null);
INSERT INTO `sys_log` VALUES ('37454', '1', 'http://localhost/basic/well', '127.0.0.1', '/basic/well/getListData', null, '', '0', 'com.shangsc.platform.controller.basic.WellController', 'getListData', '2017-08-21 22:11:43', '1', null);
INSERT INTO `sys_log` VALUES ('37455', '1', 'http://localhost/', '127.0.0.1', '/basic/waterindex', null, '', '0', 'com.shangsc.platform.controller.basic.CompanyController', 'index', '2017-08-21 22:11:46', '0', null);
INSERT INTO `sys_log` VALUES ('37456', '1', 'http://localhost/basic/waterindex', '127.0.0.1', '/basic/company/getListData', null, '', '0', 'com.shangsc.platform.controller.basic.CompanyController', 'getListData', '2017-08-21 22:11:47', '2', null);
INSERT INTO `sys_log` VALUES ('37457', null, 'http://localhost/login', '127.0.0.1', '/image/getCode', null, '', '0', 'com.shangsc.platform.controller.ImageController', 'getCode', '2017-08-21 22:16:44', '424', null);
INSERT INTO `sys_log` VALUES ('37458', '1', 'http://localhost/', '127.0.0.1', '/basic/ad', null, '', '0', 'com.shangsc.platform.controller.basic.AdController', 'index', '2017-08-21 22:17:05', '0', null);
INSERT INTO `sys_log` VALUES ('37459', '1', 'http://localhost/basic/ad', '127.0.0.1', '/basic/ad/getListData', null, 'java.lang.NullPointerException\r\n	at com.shangsc.platform.core.model.BaseModel.getTableName(BaseModel.java:162)\r\n	at com.shangsc.platform.core.model.BaseModel.getPage(BaseModel.java:89)\r\n	at com.shangsc.platform.core.model.BaseModel.getPage(BaseModel.java:83)\r\n	at com.shangsc.platform.controller.basic.AdController.getListData(AdController.java:35)\r\n	at sun.reflect.NativeMethodAccessorImpl.invoke0(Native Method)\r\n	at sun.reflect.NativeMethodAccessorImpl.invoke(NativeMethodAccessorImpl.java:57)\r\n	at sun.reflect.DelegatingMethodAccessorImpl.invoke(DelegatingMethodAccessorImpl.java:43)\r\n	at java.lang.reflect.Method.invoke(Method.java:606)\r\n	at com.jfinal.aop.Invocation.invoke(Invocation.java:73)\r\n	at com.shangsc.platform.core.auth.interceptor.AuthorityInterceptor.intercept(AuthorityInterceptor.java:92)\r\n	at com.jfinal.aop.Invocation.invoke(Invocation.java:67)\r\n	at com.shangsc.platform.core.auth.interceptor.SysLogInterceptor.intercept(SysLogInterceptor.java:44)\r\n	at com.jfinal.aop.Invocation.invoke(Invocation.java:67)\r\n	at com.jfinal.core.ActionHandler.handle(ActionHandler.java:74)\r\n	at com.shangsc.platform.core.handler.ResourceHandler.handle(ResourceHandler.java:26)\r\n	at com.jfinal.plugin.druid.DruidStatViewHandler.handle(DruidStatViewHandler.java:75)\r\n	at com.jfinal.core.JFinalFilter.doFilter(JFinalFilter.java:74)\r\n	at org.apache.catalina.core.ApplicationFilterChain.internalDoFilter(ApplicationFilterChain.java:241)\r\n	at org.apache.catalina.core.ApplicationFilterChain.doFilter(ApplicationFilterChain.java:208)\r\n	at org.apache.catalina.core.StandardWrapperValve.invoke(StandardWrapperValve.java:220)\r\n	at org.apache.catalina.core.StandardContextValve.invoke(StandardContextValve.java:122)\r\n	at org.apache.catalina.authenticator.AuthenticatorBase.invoke(AuthenticatorBase.java:505)\r\n	at org.apache.catalina.core.StandardHostValve.invoke(StandardHostValve.java:170)\r\n	at org.apache.catalina.valves.ErrorReportValve.invoke(ErrorReportValve.java:103)\r\n	at org.apache.catalina.valves.AccessLogValve.invoke(AccessLogValve.java:957)\r\n	at org.apache.catalina.core.StandardEngineValve.invoke(StandardEngineValve.java:116)\r\n	at org.apache.catalina.connector.CoyoteAdapter.service(CoyoteAdapter.java:423)\r\n	at org.apache.coyote.http11.AbstractHttp11Processor.process(AbstractHttp11Processor.java:1079)\r\n	at org.apache.coyote.AbstractProtocol$AbstractConnectionHandler.process(AbstractProtocol.java:620)\r\n	at org.apache.tomcat.util.net.AprEndpoint$SocketProcessor.doRun(AprEndpoint.java:2516)\r\n	at org.apache.tomcat.util.net.AprEndpoint$SocketProcessor.run(AprEndpoint.java:2505)\r\n	at java.util.concurrent.ThreadPoolExecutor.runWorker(ThreadPoolExecutor.java:1145)\r\n	at java.util.concurrent.ThreadPoolExecutor$Worker.run(ThreadPoolExecutor.java:615)\r\n	at org.apache.tomcat.util.threads.TaskThread$WrappingRunnable.run(TaskThread.java:61)\r\n	at java.lang.Thread.run(Thread.java:745)\r\n', '-1', 'com.shangsc.platform.controller.basic.AdController', 'getListData', '2017-08-21 22:17:06', '3', null);
INSERT INTO `sys_log` VALUES ('37460', '1', 'http://localhost/', '127.0.0.1', '/basic/ad/add', null, '', '0', 'com.shangsc.platform.controller.basic.AdController', 'add', '2017-08-21 22:17:08', '1', null);
INSERT INTO `sys_log` VALUES ('37461', '1', 'http://localhost/basic/ad', '127.0.0.1', '/basic/ad/delete', null, 'java.lang.IllegalArgumentException: idValue can not be null\r\n	at com.jfinal.plugin.activerecord.Model.deleteById(Model.java:474)\r\n	at com.shangsc.platform.model.Ad.deleteData(Ad.java:45)\r\n	at com.shangsc.platform.controller.basic.AdController.delete(AdController.java:63)\r\n	at sun.reflect.NativeMethodAccessorImpl.invoke0(Native Method)\r\n	at sun.reflect.NativeMethodAccessorImpl.invoke(NativeMethodAccessorImpl.java:57)\r\n	at sun.reflect.DelegatingMethodAccessorImpl.invoke(DelegatingMethodAccessorImpl.java:43)\r\n	at java.lang.reflect.Method.invoke(Method.java:606)\r\n	at com.jfinal.aop.Invocation.invoke(Invocation.java:73)\r\n	at com.shangsc.platform.core.auth.interceptor.AuthorityInterceptor.intercept(AuthorityInterceptor.java:92)\r\n	at com.jfinal.aop.Invocation.invoke(Invocation.java:67)\r\n	at com.shangsc.platform.core.auth.interceptor.SysLogInterceptor.intercept(SysLogInterceptor.java:44)\r\n	at com.jfinal.aop.Invocation.invoke(Invocation.java:67)\r\n	at com.jfinal.core.ActionHandler.handle(ActionHandler.java:74)\r\n	at com.shangsc.platform.core.handler.ResourceHandler.handle(ResourceHandler.java:26)\r\n	at com.jfinal.plugin.druid.DruidStatViewHandler.handle(DruidStatViewHandler.java:75)\r\n	at com.jfinal.core.JFinalFilter.doFilter(JFinalFilter.java:74)\r\n	at org.apache.catalina.core.ApplicationFilterChain.internalDoFilter(ApplicationFilterChain.java:241)\r\n	at org.apache.catalina.core.ApplicationFilterChain.doFilter(ApplicationFilterChain.java:208)\r\n	at org.apache.catalina.core.StandardWrapperValve.invoke(StandardWrapperValve.java:220)\r\n	at org.apache.catalina.core.StandardContextValve.invoke(StandardContextValve.java:122)\r\n	at org.apache.catalina.authenticator.AuthenticatorBase.invoke(AuthenticatorBase.java:505)\r\n	at org.apache.catalina.core.StandardHostValve.invoke(StandardHostValve.java:170)\r\n	at org.apache.catalina.valves.ErrorReportValve.invoke(ErrorReportValve.java:103)\r\n	at org.apache.catalina.valves.AccessLogValve.invoke(AccessLogValve.java:957)\r\n	at org.apache.catalina.core.StandardEngineValve.invoke(StandardEngineValve.java:116)\r\n	at org.apache.catalina.connector.CoyoteAdapter.service(CoyoteAdapter.java:423)\r\n	at org.apache.coyote.http11.AbstractHttp11Processor.process(AbstractHttp11Processor.java:1079)\r\n	at org.apache.coyote.AbstractProtocol$AbstractConnectionHandler.process(AbstractProtocol.java:620)\r\n	at org.apache.tomcat.util.net.AprEndpoint$SocketProcessor.doRun(AprEndpoint.java:2516)\r\n	at org.apache.tomcat.util.net.AprEndpoint$SocketProcessor.run(AprEndpoint.java:2505)\r\n	at java.util.concurrent.ThreadPoolExecutor.runWorker(ThreadPoolExecutor.java:1145)\r\n	at java.util.concurrent.ThreadPoolExecutor$Worker.run(ThreadPoolExecutor.java:615)\r\n	at org.apache.tomcat.util.threads.TaskThread$WrappingRunnable.run(TaskThread.java:61)\r\n	at java.lang.Thread.run(Thread.java:745)\r\n', '-1', 'com.shangsc.platform.controller.basic.AdController', 'delete', '2017-08-21 22:17:21', '0', null);
INSERT INTO `sys_log` VALUES ('37462', '1', 'http://localhost/basic/ad', '127.0.0.1', '/basic/ad/getListData', null, 'java.lang.NullPointerException\r\n	at com.shangsc.platform.core.model.BaseModel.getTableName(BaseModel.java:162)\r\n	at com.shangsc.platform.core.model.BaseModel.getPage(BaseModel.java:89)\r\n	at com.shangsc.platform.core.model.BaseModel.getPage(BaseModel.java:83)\r\n	at com.shangsc.platform.controller.basic.AdController.getListData(AdController.java:35)\r\n	at sun.reflect.NativeMethodAccessorImpl.invoke0(Native Method)\r\n	at sun.reflect.NativeMethodAccessorImpl.invoke(NativeMethodAccessorImpl.java:57)\r\n	at sun.reflect.DelegatingMethodAccessorImpl.invoke(DelegatingMethodAccessorImpl.java:43)\r\n	at java.lang.reflect.Method.invoke(Method.java:606)\r\n	at com.jfinal.aop.Invocation.invoke(Invocation.java:73)\r\n	at com.shangsc.platform.core.auth.interceptor.AuthorityInterceptor.intercept(AuthorityInterceptor.java:92)\r\n	at com.jfinal.aop.Invocation.invoke(Invocation.java:67)\r\n	at com.shangsc.platform.core.auth.interceptor.SysLogInterceptor.intercept(SysLogInterceptor.java:44)\r\n	at com.jfinal.aop.Invocation.invoke(Invocation.java:67)\r\n	at com.jfinal.core.ActionHandler.handle(ActionHandler.java:74)\r\n	at com.shangsc.platform.core.handler.ResourceHandler.handle(ResourceHandler.java:26)\r\n	at com.jfinal.plugin.druid.DruidStatViewHandler.handle(DruidStatViewHandler.java:75)\r\n	at com.jfinal.core.JFinalFilter.doFilter(JFinalFilter.java:74)\r\n	at org.apache.catalina.core.ApplicationFilterChain.internalDoFilter(ApplicationFilterChain.java:241)\r\n	at org.apache.catalina.core.ApplicationFilterChain.doFilter(ApplicationFilterChain.java:208)\r\n	at org.apache.catalina.core.StandardWrapperValve.invoke(StandardWrapperValve.java:220)\r\n	at org.apache.catalina.core.StandardContextValve.invoke(StandardContextValve.java:122)\r\n	at org.apache.catalina.authenticator.AuthenticatorBase.invoke(AuthenticatorBase.java:505)\r\n	at org.apache.catalina.core.StandardHostValve.invoke(StandardHostValve.java:170)\r\n	at org.apache.catalina.valves.ErrorReportValve.invoke(ErrorReportValve.java:103)\r\n	at org.apache.catalina.valves.AccessLogValve.invoke(AccessLogValve.java:957)\r\n	at org.apache.catalina.core.StandardEngineValve.invoke(StandardEngineValve.java:116)\r\n	at org.apache.catalina.connector.CoyoteAdapter.service(CoyoteAdapter.java:423)\r\n	at org.apache.coyote.http11.AbstractHttp11Processor.process(AbstractHttp11Processor.java:1079)\r\n	at org.apache.coyote.AbstractProtocol$AbstractConnectionHandler.process(AbstractProtocol.java:620)\r\n	at org.apache.tomcat.util.net.AprEndpoint$SocketProcessor.doRun(AprEndpoint.java:2516)\r\n	at org.apache.tomcat.util.net.AprEndpoint$SocketProcessor.run(AprEndpoint.java:2505)\r\n	at java.util.concurrent.ThreadPoolExecutor.runWorker(ThreadPoolExecutor.java:1145)\r\n	at java.util.concurrent.ThreadPoolExecutor$Worker.run(ThreadPoolExecutor.java:615)\r\n	at org.apache.tomcat.util.threads.TaskThread$WrappingRunnable.run(TaskThread.java:61)\r\n	at java.lang.Thread.run(Thread.java:745)\r\n', '-1', 'com.shangsc.platform.controller.basic.AdController', 'getListData', '2017-08-21 22:17:24', '1', null);
INSERT INTO `sys_log` VALUES ('37463', '1', 'http://localhost/', '127.0.0.1', '/basic/company', null, '', '0', 'com.shangsc.platform.controller.basic.CompanyController', 'index', '2017-08-21 22:19:14', '0', null);
INSERT INTO `sys_log` VALUES ('37464', '1', 'http://localhost/basic/company', '127.0.0.1', '/basic/company/getListData', null, '', '0', 'com.shangsc.platform.controller.basic.CompanyController', 'getListData', '2017-08-21 22:19:14', '9', null);
INSERT INTO `sys_log` VALUES ('37465', '1', 'http://localhost/', '127.0.0.1', '/basic/company', null, '', '0', 'com.shangsc.platform.controller.basic.CompanyController', 'index', '2017-08-21 22:19:54', '1', null);
INSERT INTO `sys_log` VALUES ('37466', '1', 'http://localhost/basic/company', '127.0.0.1', '/basic/company/getListData', null, '', '0', 'com.shangsc.platform.controller.basic.CompanyController', 'getListData', '2017-08-21 22:19:54', '2', null);
INSERT INTO `sys_log` VALUES ('37467', '1', 'http://localhost/', '127.0.0.1', '/basic/company', null, '', '0', 'com.shangsc.platform.controller.basic.CompanyController', 'index', '2017-08-21 22:20:21', '0', null);
INSERT INTO `sys_log` VALUES ('37468', '1', 'http://localhost/basic/company', '127.0.0.1', '/basic/company/getListData', null, '', '0', 'com.shangsc.platform.controller.basic.CompanyController', 'getListData', '2017-08-21 22:20:21', '2', null);
INSERT INTO `sys_log` VALUES ('37469', '1', 'http://localhost/', '127.0.0.1', '/dict', null, '', '0', 'com.shangsc.platform.controller.sys.DictController', 'index', '2017-08-21 22:20:42', '0', null);
INSERT INTO `sys_log` VALUES ('37470', '1', 'http://localhost/dict', '127.0.0.1', '/dict/getTypeListData', null, '', '0', 'com.shangsc.platform.controller.sys.DictController', 'getTypeListData', '2017-08-21 22:20:43', '5', null);
INSERT INTO `sys_log` VALUES ('37471', '1', 'http://localhost/', '127.0.0.1', '/dict/add_type', null, '', '0', 'com.shangsc.platform.controller.sys.DictController', 'add_type', '2017-08-21 22:20:46', '0', null);
INSERT INTO `sys_log` VALUES ('37472', '1', 'http://localhost/', '127.0.0.1', '/dict/data_index', null, '', '0', 'com.shangsc.platform.controller.sys.DictController', 'data_index', '2017-08-21 22:20:52', '0', null);
INSERT INTO `sys_log` VALUES ('37473', '1', 'http://localhost/dict/data_index?typeId=3', '127.0.0.1', '/dict/getListData', null, '', '0', 'com.shangsc.platform.controller.sys.DictController', 'getListData', '2017-08-21 22:20:52', '3', null);
INSERT INTO `sys_log` VALUES ('37474', '1', 'http://localhost/', '127.0.0.1', '/dict/add_type', null, '', '0', 'com.shangsc.platform.controller.sys.DictController', 'add_type', '2017-08-21 22:21:06', '0', null);
INSERT INTO `sys_log` VALUES ('37475', '1', 'http://localhost/dict/add_type', '127.0.0.1', '/dict/saveType', null, '', '0', 'com.shangsc.platform.controller.sys.DictController', 'saveType', '2017-08-21 22:22:26', '4', null);
INSERT INTO `sys_log` VALUES ('37476', '1', 'http://localhost/dict', '127.0.0.1', '/dict/getTypeListData', null, '', '0', 'com.shangsc.platform.controller.sys.DictController', 'getTypeListData', '2017-08-21 22:22:28', '1', null);
INSERT INTO `sys_log` VALUES ('37477', '1', 'http://localhost/', '127.0.0.1', '/dict/data_index', null, '', '0', 'com.shangsc.platform.controller.sys.DictController', 'data_index', '2017-08-21 22:22:31', '0', null);
INSERT INTO `sys_log` VALUES ('37478', '1', 'http://localhost/dict/data_index?typeId=4', '127.0.0.1', '/dict/getListData', null, '', '0', 'com.shangsc.platform.controller.sys.DictController', 'getListData', '2017-08-21 22:22:31', '2', null);
INSERT INTO `sys_log` VALUES ('37479', '1', 'http://localhost/dict/data_index?typeId=4', '127.0.0.1', '/dict/add_data', null, '', '0', 'com.shangsc.platform.controller.sys.DictController', 'add_data', '2017-08-21 22:22:33', '0', null);
INSERT INTO `sys_log` VALUES ('37480', '1', 'http://localhost/dict/add_data?typeId=4', '127.0.0.1', '/dict/saveData', null, '', '0', 'com.shangsc.platform.controller.sys.DictController', 'saveData', '2017-08-21 22:23:07', '4', null);
INSERT INTO `sys_log` VALUES ('37481', '1', 'http://localhost/dict/data_index?typeId=4', '127.0.0.1', '/dict/getListData', null, '', '0', 'com.shangsc.platform.controller.sys.DictController', 'getListData', '2017-08-21 22:23:09', '2', null);
INSERT INTO `sys_log` VALUES ('37482', '1', 'http://localhost/dict/data_index?typeId=4', '127.0.0.1', '/dict/add_data', null, '', '0', 'com.shangsc.platform.controller.sys.DictController', 'add_data', '2017-08-21 22:23:13', '0', null);
INSERT INTO `sys_log` VALUES ('37483', '1', 'http://localhost/dict/add_data?typeId=4', '127.0.0.1', '/dict/saveData', null, '', '0', 'com.shangsc.platform.controller.sys.DictController', 'saveData', '2017-08-21 22:23:27', '4', null);
INSERT INTO `sys_log` VALUES ('37484', '1', 'http://localhost/dict/data_index?typeId=4', '127.0.0.1', '/dict/getListData', null, '', '0', 'com.shangsc.platform.controller.sys.DictController', 'getListData', '2017-08-21 22:23:29', '2', null);
INSERT INTO `sys_log` VALUES ('37485', '1', 'http://localhost/dict/data_index?typeId=4', '127.0.0.1', '/dict/add_data', null, '', '0', 'com.shangsc.platform.controller.sys.DictController', 'add_data', '2017-08-21 22:23:35', '0', null);
INSERT INTO `sys_log` VALUES ('37486', '1', 'http://localhost/dict/add_data?typeId=4', '127.0.0.1', '/dict/saveData', null, '', '0', 'com.shangsc.platform.controller.sys.DictController', 'saveData', '2017-08-21 22:23:44', '3', null);
INSERT INTO `sys_log` VALUES ('37487', '1', 'http://localhost/dict/data_index?typeId=4', '127.0.0.1', '/dict/getListData', null, '', '0', 'com.shangsc.platform.controller.sys.DictController', 'getListData', '2017-08-21 22:23:46', '2', null);
INSERT INTO `sys_log` VALUES ('37488', '1', 'http://localhost/dict/data_index?typeId=4', '127.0.0.1', '/dict/add_data', null, '', '0', 'com.shangsc.platform.controller.sys.DictController', 'add_data', '2017-08-21 22:23:53', '0', null);
INSERT INTO `sys_log` VALUES ('37489', '1', 'http://localhost/dict/add_data?typeId=4', '127.0.0.1', '/dict/saveData', null, '', '0', 'com.shangsc.platform.controller.sys.DictController', 'saveData', '2017-08-21 22:24:01', '3', null);
INSERT INTO `sys_log` VALUES ('37490', '1', 'http://localhost/dict/data_index?typeId=4', '127.0.0.1', '/dict/getListData', null, '', '0', 'com.shangsc.platform.controller.sys.DictController', 'getListData', '2017-08-21 22:24:03', '3', null);
INSERT INTO `sys_log` VALUES ('37491', '1', 'http://localhost/', '127.0.0.1', '/dict/add_type', null, '', '0', 'com.shangsc.platform.controller.sys.DictController', 'add_type', '2017-08-21 22:24:11', '0', null);
INSERT INTO `sys_log` VALUES ('37492', '1', 'http://localhost/dict/add_type', '127.0.0.1', '/dict/saveType', null, '', '0', 'com.shangsc.platform.controller.sys.DictController', 'saveType', '2017-08-21 22:24:28', '3', null);
INSERT INTO `sys_log` VALUES ('37493', '1', 'http://localhost/dict', '127.0.0.1', '/dict/getTypeListData', null, '', '0', 'com.shangsc.platform.controller.sys.DictController', 'getTypeListData', '2017-08-21 22:24:30', '2', null);
INSERT INTO `sys_log` VALUES ('37494', '1', 'http://localhost/', '127.0.0.1', '/dict/data_index', null, '', '0', 'com.shangsc.platform.controller.sys.DictController', 'data_index', '2017-08-21 22:24:31', '0', null);
INSERT INTO `sys_log` VALUES ('37495', '1', 'http://localhost/dict/data_index?typeId=5', '127.0.0.1', '/dict/getListData', null, '', '0', 'com.shangsc.platform.controller.sys.DictController', 'getListData', '2017-08-21 22:24:32', '1', null);
INSERT INTO `sys_log` VALUES ('37496', '1', 'http://localhost/dict/data_index?typeId=5', '127.0.0.1', '/dict/add_data', null, '', '0', 'com.shangsc.platform.controller.sys.DictController', 'add_data', '2017-08-21 22:24:38', '0', null);
INSERT INTO `sys_log` VALUES ('37497', '1', 'http://localhost/dict/add_data?typeId=5', '127.0.0.1', '/dict/saveData', null, '', '0', 'com.shangsc.platform.controller.sys.DictController', 'saveData', '2017-08-21 22:24:45', '2', null);
INSERT INTO `sys_log` VALUES ('37498', '1', 'http://localhost/dict/data_index?typeId=5', '127.0.0.1', '/dict/getListData', null, '', '0', 'com.shangsc.platform.controller.sys.DictController', 'getListData', '2017-08-21 22:24:47', '2', null);
INSERT INTO `sys_log` VALUES ('37499', '1', 'http://localhost/dict/data_index?typeId=5', '127.0.0.1', '/dict/add_data', null, '', '0', 'com.shangsc.platform.controller.sys.DictController', 'add_data', '2017-08-21 22:24:49', '0', null);
INSERT INTO `sys_log` VALUES ('37500', '1', 'http://localhost/dict/add_data?typeId=5', '127.0.0.1', '/dict/saveData', null, '', '0', 'com.shangsc.platform.controller.sys.DictController', 'saveData', '2017-08-21 22:24:58', '2', null);
INSERT INTO `sys_log` VALUES ('37501', '1', 'http://localhost/dict/data_index?typeId=5', '127.0.0.1', '/dict/getListData', null, '', '0', 'com.shangsc.platform.controller.sys.DictController', 'getListData', '2017-08-21 22:25:00', '3', null);
INSERT INTO `sys_log` VALUES ('37502', '1', 'http://localhost/dict/data_index?typeId=5', '127.0.0.1', '/dict/add_data', null, '', '0', 'com.shangsc.platform.controller.sys.DictController', 'add_data', '2017-08-21 22:25:02', '0', null);
INSERT INTO `sys_log` VALUES ('37503', '1', 'http://localhost/dict/add_data?typeId=5', '127.0.0.1', '/dict/saveData', null, '', '0', 'com.shangsc.platform.controller.sys.DictController', 'saveData', '2017-08-21 22:25:10', '4', null);
INSERT INTO `sys_log` VALUES ('37504', '1', 'http://localhost/dict/data_index?typeId=5', '127.0.0.1', '/dict/getListData', null, '', '0', 'com.shangsc.platform.controller.sys.DictController', 'getListData', '2017-08-21 22:25:12', '4', null);
INSERT INTO `sys_log` VALUES ('37505', '1', 'http://localhost/dict/data_index?typeId=5', '127.0.0.1', '/dict/add_data', null, '', '0', 'com.shangsc.platform.controller.sys.DictController', 'add_data', '2017-08-21 22:25:13', '0', null);
INSERT INTO `sys_log` VALUES ('37506', '1', 'http://localhost/', '127.0.0.1', '/dict/add_type', null, '', '0', 'com.shangsc.platform.controller.sys.DictController', 'add_type', '2017-08-21 22:25:18', '0', null);
INSERT INTO `sys_log` VALUES ('37507', '1', 'http://localhost/dict/add_type', '127.0.0.1', '/dict/saveType', null, '', '0', 'com.shangsc.platform.controller.sys.DictController', 'saveType', '2017-08-21 22:26:14', '3', null);
INSERT INTO `sys_log` VALUES ('37508', '1', 'http://localhost/dict', '127.0.0.1', '/dict/getTypeListData', null, '', '0', 'com.shangsc.platform.controller.sys.DictController', 'getTypeListData', '2017-08-21 22:26:16', '2', null);
INSERT INTO `sys_log` VALUES ('37509', '1', 'http://localhost/', '127.0.0.1', '/dict/data_index', null, '', '0', 'com.shangsc.platform.controller.sys.DictController', 'data_index', '2017-08-21 22:26:29', '0', null);
INSERT INTO `sys_log` VALUES ('37510', '1', 'http://localhost/dict/data_index?typeId=6', '127.0.0.1', '/dict/getListData', null, '', '0', 'com.shangsc.platform.controller.sys.DictController', 'getListData', '2017-08-21 22:26:29', '1', null);
INSERT INTO `sys_log` VALUES ('37511', '1', 'http://localhost/dict/data_index?typeId=6', '127.0.0.1', '/dict/add_data', null, '', '0', 'com.shangsc.platform.controller.sys.DictController', 'add_data', '2017-08-21 22:26:31', '0', null);
INSERT INTO `sys_log` VALUES ('37512', '1', 'http://localhost/dict/add_data?typeId=6', '127.0.0.1', '/dict/saveData', null, '', '0', 'com.shangsc.platform.controller.sys.DictController', 'saveData', '2017-08-21 22:26:36', '2', null);
INSERT INTO `sys_log` VALUES ('37513', '1', 'http://localhost/dict/data_index?typeId=6', '127.0.0.1', '/dict/getListData', null, '', '0', 'com.shangsc.platform.controller.sys.DictController', 'getListData', '2017-08-21 22:26:38', '3', null);
INSERT INTO `sys_log` VALUES ('37514', '1', 'http://localhost/dict/data_index?typeId=6', '127.0.0.1', '/dict/add_data', null, '', '0', 'com.shangsc.platform.controller.sys.DictController', 'add_data', '2017-08-21 22:26:41', '0', null);
INSERT INTO `sys_log` VALUES ('37515', '1', 'http://localhost/dict/add_data?typeId=6', '127.0.0.1', '/dict/saveData', null, '', '0', 'com.shangsc.platform.controller.sys.DictController', 'saveData', '2017-08-21 22:26:49', '2', null);
INSERT INTO `sys_log` VALUES ('37516', '1', 'http://localhost/dict/data_index?typeId=6', '127.0.0.1', '/dict/getListData', null, '', '0', 'com.shangsc.platform.controller.sys.DictController', 'getListData', '2017-08-21 22:26:51', '2', null);
INSERT INTO `sys_log` VALUES ('37517', '1', 'http://localhost/', '127.0.0.1', '/dict/add_type', null, '', '0', 'com.shangsc.platform.controller.sys.DictController', 'add_type', '2017-08-21 22:26:59', '0', null);
INSERT INTO `sys_log` VALUES ('37518', '1', 'http://localhost/dict/add_type', '127.0.0.1', '/dict/saveType', null, '', '0', 'com.shangsc.platform.controller.sys.DictController', 'saveType', '2017-08-21 22:27:16', '3', null);
INSERT INTO `sys_log` VALUES ('37519', '1', 'http://localhost/dict', '127.0.0.1', '/dict/getTypeListData', null, '', '0', 'com.shangsc.platform.controller.sys.DictController', 'getTypeListData', '2017-08-21 22:27:18', '2', null);
INSERT INTO `sys_log` VALUES ('37520', '1', 'http://localhost/', '127.0.0.1', '/dict/data_index', null, '', '0', 'com.shangsc.platform.controller.sys.DictController', 'data_index', '2017-08-21 22:27:24', '0', null);
INSERT INTO `sys_log` VALUES ('37521', '1', 'http://localhost/dict/data_index?typeId=7', '127.0.0.1', '/dict/getListData', null, '', '0', 'com.shangsc.platform.controller.sys.DictController', 'getListData', '2017-08-21 22:27:24', '1', null);
INSERT INTO `sys_log` VALUES ('37522', '1', 'http://localhost/dict/data_index?typeId=7', '127.0.0.1', '/dict/add_data', null, '', '0', 'com.shangsc.platform.controller.sys.DictController', 'add_data', '2017-08-21 22:27:29', '1', null);
INSERT INTO `sys_log` VALUES ('37523', '1', 'http://localhost/dict/add_data?typeId=7', '127.0.0.1', '/dict/saveData', null, '', '0', 'com.shangsc.platform.controller.sys.DictController', 'saveData', '2017-08-21 22:27:34', '3', null);
INSERT INTO `sys_log` VALUES ('37524', '1', 'http://localhost/dict/data_index?typeId=7', '127.0.0.1', '/dict/getListData', null, '', '0', 'com.shangsc.platform.controller.sys.DictController', 'getListData', '2017-08-21 22:27:36', '2', null);
INSERT INTO `sys_log` VALUES ('37525', '1', 'http://localhost/dict/data_index?typeId=7', '127.0.0.1', '/dict/add_data', null, '', '0', 'com.shangsc.platform.controller.sys.DictController', 'add_data', '2017-08-21 22:27:40', '0', null);
INSERT INTO `sys_log` VALUES ('37526', '1', 'http://localhost/dict/add_data?typeId=7', '127.0.0.1', '/dict/saveData', null, '', '0', 'com.shangsc.platform.controller.sys.DictController', 'saveData', '2017-08-21 22:27:50', '3', null);
INSERT INTO `sys_log` VALUES ('37527', '1', 'http://localhost/dict/data_index?typeId=7', '127.0.0.1', '/dict/getListData', null, '', '0', 'com.shangsc.platform.controller.sys.DictController', 'getListData', '2017-08-21 22:27:52', '3', null);
INSERT INTO `sys_log` VALUES ('37528', '1', 'http://localhost/', '127.0.0.1', '/dict/add_type', null, '', '0', 'com.shangsc.platform.controller.sys.DictController', 'add_type', '2017-08-21 22:28:04', '1', null);
INSERT INTO `sys_log` VALUES ('37529', '1', 'http://localhost/dict/add_type', '127.0.0.1', '/dict/saveType', null, '', '0', 'com.shangsc.platform.controller.sys.DictController', 'saveType', '2017-08-21 22:28:17', '5', null);
INSERT INTO `sys_log` VALUES ('37530', '1', 'http://localhost/dict', '127.0.0.1', '/dict/getTypeListData', null, '', '0', 'com.shangsc.platform.controller.sys.DictController', 'getTypeListData', '2017-08-21 22:28:19', '2', null);
INSERT INTO `sys_log` VALUES ('37531', '1', 'http://localhost/', '127.0.0.1', '/dict/data_index', null, '', '0', 'com.shangsc.platform.controller.sys.DictController', 'data_index', '2017-08-21 22:28:22', '0', null);
INSERT INTO `sys_log` VALUES ('37532', '1', 'http://localhost/dict/data_index?typeId=8', '127.0.0.1', '/dict/getListData', null, '', '0', 'com.shangsc.platform.controller.sys.DictController', 'getListData', '2017-08-21 22:28:22', '3', null);
INSERT INTO `sys_log` VALUES ('37533', '1', 'http://localhost/dict/data_index?typeId=8', '127.0.0.1', '/dict/add_data', null, '', '0', 'com.shangsc.platform.controller.sys.DictController', 'add_data', '2017-08-21 22:28:23', '1', null);
INSERT INTO `sys_log` VALUES ('37534', '1', 'http://localhost/dict/add_data?typeId=8', '127.0.0.1', '/dict/saveData', null, '', '0', 'com.shangsc.platform.controller.sys.DictController', 'saveData', '2017-08-21 22:28:34', '3', null);
INSERT INTO `sys_log` VALUES ('37535', '1', 'http://localhost/dict/data_index?typeId=8', '127.0.0.1', '/dict/getListData', null, '', '0', 'com.shangsc.platform.controller.sys.DictController', 'getListData', '2017-08-21 22:28:36', '2', null);
INSERT INTO `sys_log` VALUES ('37536', '1', 'http://localhost/dict/data_index?typeId=8', '127.0.0.1', '/dict/add_data', null, '', '0', 'com.shangsc.platform.controller.sys.DictController', 'add_data', '2017-08-21 22:28:39', '1', null);
INSERT INTO `sys_log` VALUES ('37537', '1', 'http://localhost/dict/add_data?typeId=8', '127.0.0.1', '/dict/saveData', null, '', '0', 'com.shangsc.platform.controller.sys.DictController', 'saveData', '2017-08-21 22:28:46', '4', null);
INSERT INTO `sys_log` VALUES ('37538', '1', 'http://localhost/dict/data_index?typeId=8', '127.0.0.1', '/dict/getListData', null, '', '0', 'com.shangsc.platform.controller.sys.DictController', 'getListData', '2017-08-21 22:28:48', '2', null);
INSERT INTO `sys_log` VALUES ('37539', '1', 'http://localhost/', '127.0.0.1', '/sys/res', null, '', '0', 'com.shangsc.platform.controller.sys.ResController', 'index', '2017-08-21 22:31:36', '0', null);
INSERT INTO `sys_log` VALUES ('37540', '1', 'http://localhost/sys/res', '127.0.0.1', '/sys/res/getTreeGridView', null, '', '0', 'com.shangsc.platform.controller.sys.ResController', 'getTreeGridView', '2017-08-21 22:31:36', '28', null);
INSERT INTO `sys_log` VALUES ('37541', null, 'http://localhost/login', '127.0.0.1', '/image/getCode', null, '', '0', 'com.shangsc.platform.controller.ImageController', 'getCode', '2017-08-21 22:33:28', '292', null);
INSERT INTO `sys_log` VALUES ('37542', '1', 'http://localhost/', '127.0.0.1', '/basic/ad', null, '', '0', 'com.shangsc.platform.controller.basic.AdController', 'index', '2017-08-21 22:33:39', '0', null);
INSERT INTO `sys_log` VALUES ('37543', '1', 'http://localhost/basic/ad', '127.0.0.1', '/basic/ad/getListData', null, 'java.lang.NullPointerException\r\n	at com.shangsc.platform.core.model.BaseModel.getTableName(BaseModel.java:162)\r\n	at com.shangsc.platform.core.model.BaseModel.getPage(BaseModel.java:89)\r\n	at com.shangsc.platform.core.model.BaseModel.getPage(BaseModel.java:83)\r\n	at com.shangsc.platform.controller.basic.AdController.getListData(AdController.java:35)\r\n	at sun.reflect.NativeMethodAccessorImpl.invoke0(Native Method)\r\n	at sun.reflect.NativeMethodAccessorImpl.invoke(NativeMethodAccessorImpl.java:57)\r\n	at sun.reflect.DelegatingMethodAccessorImpl.invoke(DelegatingMethodAccessorImpl.java:43)\r\n	at java.lang.reflect.Method.invoke(Method.java:606)\r\n	at com.jfinal.aop.Invocation.invoke(Invocation.java:73)\r\n	at com.shangsc.platform.core.auth.interceptor.AuthorityInterceptor.intercept(AuthorityInterceptor.java:92)\r\n	at com.jfinal.aop.Invocation.invoke(Invocation.java:67)\r\n	at com.shangsc.platform.core.auth.interceptor.SysLogInterceptor.intercept(SysLogInterceptor.java:44)\r\n	at com.jfinal.aop.Invocation.invoke(Invocation.java:67)\r\n	at com.jfinal.core.ActionHandler.handle(ActionHandler.java:74)\r\n	at com.shangsc.platform.core.handler.ResourceHandler.handle(ResourceHandler.java:26)\r\n	at com.jfinal.plugin.druid.DruidStatViewHandler.handle(DruidStatViewHandler.java:75)\r\n	at com.jfinal.core.JFinalFilter.doFilter(JFinalFilter.java:74)\r\n	at org.apache.catalina.core.ApplicationFilterChain.internalDoFilter(ApplicationFilterChain.java:241)\r\n	at org.apache.catalina.core.ApplicationFilterChain.doFilter(ApplicationFilterChain.java:208)\r\n	at org.apache.catalina.core.StandardWrapperValve.invoke(StandardWrapperValve.java:220)\r\n	at org.apache.catalina.core.StandardContextValve.invoke(StandardContextValve.java:122)\r\n	at org.apache.catalina.authenticator.AuthenticatorBase.invoke(AuthenticatorBase.java:505)\r\n	at org.apache.catalina.core.StandardHostValve.invoke(StandardHostValve.java:170)\r\n	at org.apache.catalina.valves.ErrorReportValve.invoke(ErrorReportValve.java:103)\r\n	at org.apache.catalina.valves.AccessLogValve.invoke(AccessLogValve.java:957)\r\n	at org.apache.catalina.core.StandardEngineValve.invoke(StandardEngineValve.java:116)\r\n	at org.apache.catalina.connector.CoyoteAdapter.service(CoyoteAdapter.java:423)\r\n	at org.apache.coyote.http11.AbstractHttp11Processor.process(AbstractHttp11Processor.java:1079)\r\n	at org.apache.coyote.AbstractProtocol$AbstractConnectionHandler.process(AbstractProtocol.java:620)\r\n	at org.apache.tomcat.util.net.AprEndpoint$SocketProcessor.doRun(AprEndpoint.java:2516)\r\n	at org.apache.tomcat.util.net.AprEndpoint$SocketProcessor.run(AprEndpoint.java:2505)\r\n	at java.util.concurrent.ThreadPoolExecutor.runWorker(ThreadPoolExecutor.java:1145)\r\n	at java.util.concurrent.ThreadPoolExecutor$Worker.run(ThreadPoolExecutor.java:615)\r\n	at org.apache.tomcat.util.threads.TaskThread$WrappingRunnable.run(TaskThread.java:61)\r\n	at java.lang.Thread.run(Thread.java:745)\r\n', '-1', 'com.shangsc.platform.controller.basic.AdController', 'getListData', '2017-08-21 22:33:40', '2', null);
INSERT INTO `sys_log` VALUES ('37544', '1', 'http://localhost/', '127.0.0.1', '/basic/ad/add', null, '', '0', 'com.shangsc.platform.controller.basic.AdController', 'add', '2017-08-21 22:33:46', '0', null);
INSERT INTO `sys_log` VALUES ('37545', '1', 'http://localhost/basic/ad/add', '127.0.0.1', '/basic/well/save', null, 'java.lang.NullPointerException\r\n	at sun.misc.FloatingDecimal.readJavaFormatString(FloatingDecimal.java:1017)\r\n	at java.lang.Double.parseDouble(Double.java:540)\r\n	at com.shangsc.platform.util.CodeNumUtil.getBigDecimal(CodeNumUtil.java:17)\r\n	at com.shangsc.platform.controller.basic.WellController.save(WellController.java:63)\r\n	at sun.reflect.NativeMethodAccessorImpl.invoke0(Native Method)\r\n	at sun.reflect.NativeMethodAccessorImpl.invoke(NativeMethodAccessorImpl.java:57)\r\n	at sun.reflect.DelegatingMethodAccessorImpl.invoke(DelegatingMethodAccessorImpl.java:43)\r\n	at java.lang.reflect.Method.invoke(Method.java:606)\r\n	at com.jfinal.aop.Invocation.invoke(Invocation.java:73)\r\n	at com.shangsc.platform.core.auth.interceptor.AuthorityInterceptor.intercept(AuthorityInterceptor.java:92)\r\n	at com.jfinal.aop.Invocation.invoke(Invocation.java:67)\r\n	at com.shangsc.platform.core.auth.interceptor.SysLogInterceptor.intercept(SysLogInterceptor.java:44)\r\n	at com.jfinal.aop.Invocation.invoke(Invocation.java:67)\r\n	at com.jfinal.core.ActionHandler.handle(ActionHandler.java:74)\r\n	at com.shangsc.platform.core.handler.ResourceHandler.handle(ResourceHandler.java:26)\r\n	at com.jfinal.plugin.druid.DruidStatViewHandler.handle(DruidStatViewHandler.java:75)\r\n	at com.jfinal.core.JFinalFilter.doFilter(JFinalFilter.java:74)\r\n	at org.apache.catalina.core.ApplicationFilterChain.internalDoFilter(ApplicationFilterChain.java:241)\r\n	at org.apache.catalina.core.ApplicationFilterChain.doFilter(ApplicationFilterChain.java:208)\r\n	at org.apache.catalina.core.StandardWrapperValve.invoke(StandardWrapperValve.java:220)\r\n	at org.apache.catalina.core.StandardContextValve.invoke(StandardContextValve.java:122)\r\n	at org.apache.catalina.authenticator.AuthenticatorBase.invoke(AuthenticatorBase.java:505)\r\n	at org.apache.catalina.core.StandardHostValve.invoke(StandardHostValve.java:170)\r\n	at org.apache.catalina.valves.ErrorReportValve.invoke(ErrorReportValve.java:103)\r\n	at org.apache.catalina.valves.AccessLogValve.invoke(AccessLogValve.java:957)\r\n	at org.apache.catalina.core.StandardEngineValve.invoke(StandardEngineValve.java:116)\r\n	at org.apache.catalina.connector.CoyoteAdapter.service(CoyoteAdapter.java:423)\r\n	at org.apache.coyote.http11.AbstractHttp11Processor.process(AbstractHttp11Processor.java:1079)\r\n	at org.apache.coyote.AbstractProtocol$AbstractConnectionHandler.process(AbstractProtocol.java:620)\r\n	at org.apache.tomcat.util.net.AprEndpoint$SocketProcessor.doRun(AprEndpoint.java:2516)\r\n	at org.apache.tomcat.util.net.AprEndpoint$SocketProcessor.run(AprEndpoint.java:2505)\r\n	at java.util.concurrent.ThreadPoolExecutor.runWorker(ThreadPoolExecutor.java:1145)\r\n	at java.util.concurrent.ThreadPoolExecutor$Worker.run(ThreadPoolExecutor.java:615)\r\n	at org.apache.tomcat.util.threads.TaskThread$WrappingRunnable.run(TaskThread.java:61)\r\n	at java.lang.Thread.run(Thread.java:745)\r\n', '-1', 'com.shangsc.platform.controller.basic.WellController', 'save', '2017-08-21 22:33:51', '2', null);
INSERT INTO `sys_log` VALUES ('37546', '1', 'http://localhost/', '127.0.0.1', '/basic/ad', null, '', '0', 'com.shangsc.platform.controller.basic.AdController', 'index', '2017-08-21 22:35:00', '0', null);
INSERT INTO `sys_log` VALUES ('37547', '1', 'http://localhost/basic/ad', '127.0.0.1', '/basic/ad/getListData', null, 'java.lang.NullPointerException\r\n	at com.shangsc.platform.core.model.BaseModel.getTableName(BaseModel.java:162)\r\n	at com.shangsc.platform.core.model.BaseModel.getPage(BaseModel.java:89)\r\n	at com.shangsc.platform.core.model.BaseModel.getPage(BaseModel.java:83)\r\n	at com.shangsc.platform.controller.basic.AdController.getListData(AdController.java:35)\r\n	at sun.reflect.NativeMethodAccessorImpl.invoke0(Native Method)\r\n	at sun.reflect.NativeMethodAccessorImpl.invoke(NativeMethodAccessorImpl.java:57)\r\n	at sun.reflect.DelegatingMethodAccessorImpl.invoke(DelegatingMethodAccessorImpl.java:43)\r\n	at java.lang.reflect.Method.invoke(Method.java:606)\r\n	at com.jfinal.aop.Invocation.invoke(Invocation.java:73)\r\n	at com.shangsc.platform.core.auth.interceptor.AuthorityInterceptor.intercept(AuthorityInterceptor.java:92)\r\n	at com.jfinal.aop.Invocation.invoke(Invocation.java:67)\r\n	at com.shangsc.platform.core.auth.interceptor.SysLogInterceptor.intercept(SysLogInterceptor.java:44)\r\n	at com.jfinal.aop.Invocation.invoke(Invocation.java:67)\r\n	at com.jfinal.core.ActionHandler.handle(ActionHandler.java:74)\r\n	at com.shangsc.platform.core.handler.ResourceHandler.handle(ResourceHandler.java:26)\r\n	at com.jfinal.plugin.druid.DruidStatViewHandler.handle(DruidStatViewHandler.java:75)\r\n	at com.jfinal.core.JFinalFilter.doFilter(JFinalFilter.java:74)\r\n	at org.apache.catalina.core.ApplicationFilterChain.internalDoFilter(ApplicationFilterChain.java:241)\r\n	at org.apache.catalina.core.ApplicationFilterChain.doFilter(ApplicationFilterChain.java:208)\r\n	at org.apache.catalina.core.StandardWrapperValve.invoke(StandardWrapperValve.java:220)\r\n	at org.apache.catalina.core.StandardContextValve.invoke(StandardContextValve.java:122)\r\n	at org.apache.catalina.authenticator.AuthenticatorBase.invoke(AuthenticatorBase.java:505)\r\n	at org.apache.catalina.core.StandardHostValve.invoke(StandardHostValve.java:170)\r\n	at org.apache.catalina.valves.ErrorReportValve.invoke(ErrorReportValve.java:103)\r\n	at org.apache.catalina.valves.AccessLogValve.invoke(AccessLogValve.java:957)\r\n	at org.apache.catalina.core.StandardEngineValve.invoke(StandardEngineValve.java:116)\r\n	at org.apache.catalina.connector.CoyoteAdapter.service(CoyoteAdapter.java:423)\r\n	at org.apache.coyote.http11.AbstractHttp11Processor.process(AbstractHttp11Processor.java:1079)\r\n	at org.apache.coyote.AbstractProtocol$AbstractConnectionHandler.process(AbstractProtocol.java:620)\r\n	at org.apache.tomcat.util.net.AprEndpoint$SocketProcessor.doRun(AprEndpoint.java:2516)\r\n	at org.apache.tomcat.util.net.AprEndpoint$SocketProcessor.run(AprEndpoint.java:2505)\r\n	at java.util.concurrent.ThreadPoolExecutor.runWorker(ThreadPoolExecutor.java:1145)\r\n	at java.util.concurrent.ThreadPoolExecutor$Worker.run(ThreadPoolExecutor.java:615)\r\n	at org.apache.tomcat.util.threads.TaskThread$WrappingRunnable.run(TaskThread.java:61)\r\n	at java.lang.Thread.run(Thread.java:745)\r\n', '-1', 'com.shangsc.platform.controller.basic.AdController', 'getListData', '2017-08-21 22:35:00', '0', null);
INSERT INTO `sys_log` VALUES ('37548', '1', 'http://localhost/', '127.0.0.1', '/basic/ad/add', null, '', '0', 'com.shangsc.platform.controller.basic.AdController', 'add', '2017-08-21 22:35:03', '0', null);
INSERT INTO `sys_log` VALUES ('37549', '1', 'http://localhost/basic/ad/add', '127.0.0.1', '/basic/ad/save', null, 'java.lang.NullPointerException\r\n	at com.jfinal.plugin.activerecord.Model.save(Model.java:404)\r\n	at com.shangsc.platform.model.Ad.save(Ad.java:31)\r\n	at com.shangsc.platform.controller.basic.AdController.save(AdController.java:56)\r\n	at sun.reflect.NativeMethodAccessorImpl.invoke0(Native Method)\r\n	at sun.reflect.NativeMethodAccessorImpl.invoke(NativeMethodAccessorImpl.java:57)\r\n	at sun.reflect.DelegatingMethodAccessorImpl.invoke(DelegatingMethodAccessorImpl.java:43)\r\n	at java.lang.reflect.Method.invoke(Method.java:606)\r\n	at com.jfinal.aop.Invocation.invoke(Invocation.java:73)\r\n	at com.shangsc.platform.core.auth.interceptor.AuthorityInterceptor.intercept(AuthorityInterceptor.java:92)\r\n	at com.jfinal.aop.Invocation.invoke(Invocation.java:67)\r\n	at com.shangsc.platform.core.auth.interceptor.SysLogInterceptor.intercept(SysLogInterceptor.java:44)\r\n	at com.jfinal.aop.Invocation.invoke(Invocation.java:67)\r\n	at com.jfinal.core.ActionHandler.handle(ActionHandler.java:74)\r\n	at com.shangsc.platform.core.handler.ResourceHandler.handle(ResourceHandler.java:26)\r\n	at com.jfinal.plugin.druid.DruidStatViewHandler.handle(DruidStatViewHandler.java:75)\r\n	at com.jfinal.core.JFinalFilter.doFilter(JFinalFilter.java:74)\r\n	at org.apache.catalina.core.ApplicationFilterChain.internalDoFilter(ApplicationFilterChain.java:241)\r\n	at org.apache.catalina.core.ApplicationFilterChain.doFilter(ApplicationFilterChain.java:208)\r\n	at org.apache.catalina.core.StandardWrapperValve.invoke(StandardWrapperValve.java:220)\r\n	at org.apache.catalina.core.StandardContextValve.invoke(StandardContextValve.java:122)\r\n	at org.apache.catalina.authenticator.AuthenticatorBase.invoke(AuthenticatorBase.java:505)\r\n	at org.apache.catalina.core.StandardHostValve.invoke(StandardHostValve.java:170)\r\n	at org.apache.catalina.valves.ErrorReportValve.invoke(ErrorReportValve.java:103)\r\n	at org.apache.catalina.valves.AccessLogValve.invoke(AccessLogValve.java:957)\r\n	at org.apache.catalina.core.StandardEngineValve.invoke(StandardEngineValve.java:116)\r\n	at org.apache.catalina.connector.CoyoteAdapter.service(CoyoteAdapter.java:423)\r\n	at org.apache.coyote.http11.AbstractHttp11Processor.process(AbstractHttp11Processor.java:1079)\r\n	at org.apache.coyote.AbstractProtocol$AbstractConnectionHandler.process(AbstractProtocol.java:620)\r\n	at org.apache.tomcat.util.net.AprEndpoint$SocketProcessor.doRun(AprEndpoint.java:2516)\r\n	at org.apache.tomcat.util.net.AprEndpoint$SocketProcessor.run(AprEndpoint.java:2505)\r\n	at java.util.concurrent.ThreadPoolExecutor.runWorker(ThreadPoolExecutor.java:1145)\r\n	at java.util.concurrent.ThreadPoolExecutor$Worker.run(ThreadPoolExecutor.java:615)\r\n	at org.apache.tomcat.util.threads.TaskThread$WrappingRunnable.run(TaskThread.java:61)\r\n	at java.lang.Thread.run(Thread.java:745)\r\n', '-1', 'com.shangsc.platform.controller.basic.AdController', 'save', '2017-08-21 22:35:08', '1', null);
INSERT INTO `sys_log` VALUES ('37550', '1', 'http://localhost/basic/ad/add', '127.0.0.1', '/basic/ad/save', null, 'java.lang.NullPointerException\r\n	at com.jfinal.plugin.activerecord.Model.save(Model.java:404)\r\n	at com.shangsc.platform.model.Ad.save(Ad.java:31)\r\n	at com.shangsc.platform.controller.basic.AdController.save(AdController.java:56)\r\n	at sun.reflect.NativeMethodAccessorImpl.invoke0(Native Method)\r\n	at sun.reflect.NativeMethodAccessorImpl.invoke(NativeMethodAccessorImpl.java:57)\r\n	at sun.reflect.DelegatingMethodAccessorImpl.invoke(DelegatingMethodAccessorImpl.java:43)\r\n	at java.lang.reflect.Method.invoke(Method.java:606)\r\n	at com.jfinal.aop.Invocation.invoke(Invocation.java:73)\r\n	at com.shangsc.platform.core.auth.interceptor.AuthorityInterceptor.intercept(AuthorityInterceptor.java:92)\r\n	at com.jfinal.aop.Invocation.invoke(Invocation.java:67)\r\n	at com.shangsc.platform.core.auth.interceptor.SysLogInterceptor.intercept(SysLogInterceptor.java:44)\r\n	at com.jfinal.aop.Invocation.invoke(Invocation.java:67)\r\n	at com.jfinal.core.ActionHandler.handle(ActionHandler.java:74)\r\n	at com.shangsc.platform.core.handler.ResourceHandler.handle(ResourceHandler.java:26)\r\n	at com.jfinal.plugin.druid.DruidStatViewHandler.handle(DruidStatViewHandler.java:75)\r\n	at com.jfinal.core.JFinalFilter.doFilter(JFinalFilter.java:74)\r\n	at org.apache.catalina.core.ApplicationFilterChain.internalDoFilter(ApplicationFilterChain.java:241)\r\n	at org.apache.catalina.core.ApplicationFilterChain.doFilter(ApplicationFilterChain.java:208)\r\n	at org.apache.catalina.core.StandardWrapperValve.invoke(StandardWrapperValve.java:220)\r\n	at org.apache.catalina.core.StandardContextValve.invoke(StandardContextValve.java:122)\r\n	at org.apache.catalina.authenticator.AuthenticatorBase.invoke(AuthenticatorBase.java:505)\r\n	at org.apache.catalina.core.StandardHostValve.invoke(StandardHostValve.java:170)\r\n	at org.apache.catalina.valves.ErrorReportValve.invoke(ErrorReportValve.java:103)\r\n	at org.apache.catalina.valves.AccessLogValve.invoke(AccessLogValve.java:957)\r\n	at org.apache.catalina.core.StandardEngineValve.invoke(StandardEngineValve.java:116)\r\n	at org.apache.catalina.connector.CoyoteAdapter.service(CoyoteAdapter.java:423)\r\n	at org.apache.coyote.http11.AbstractHttp11Processor.process(AbstractHttp11Processor.java:1079)\r\n	at org.apache.coyote.AbstractProtocol$AbstractConnectionHandler.process(AbstractProtocol.java:620)\r\n	at org.apache.tomcat.util.net.AprEndpoint$SocketProcessor.doRun(AprEndpoint.java:2516)\r\n	at org.apache.tomcat.util.net.AprEndpoint$SocketProcessor.run(AprEndpoint.java:2505)\r\n	at java.util.concurrent.ThreadPoolExecutor.runWorker(ThreadPoolExecutor.java:1145)\r\n	at java.util.concurrent.ThreadPoolExecutor$Worker.run(ThreadPoolExecutor.java:615)\r\n	at org.apache.tomcat.util.threads.TaskThread$WrappingRunnable.run(TaskThread.java:61)\r\n	at java.lang.Thread.run(Thread.java:745)\r\n', '-1', 'com.shangsc.platform.controller.basic.AdController', 'save', '2017-08-21 22:35:42', '23553', null);
INSERT INTO `sys_log` VALUES ('37551', '1', 'http://localhost/', '127.0.0.1', '/basic/ad', null, '', '0', 'com.shangsc.platform.controller.basic.AdController', 'index', '2017-08-21 22:36:15', '0', null);
INSERT INTO `sys_log` VALUES ('37552', '1', 'http://localhost/basic/ad', '127.0.0.1', '/basic/ad/getListData', null, 'java.lang.NullPointerException\r\n	at com.shangsc.platform.core.model.BaseModel.getTableName(BaseModel.java:162)\r\n	at com.shangsc.platform.core.model.BaseModel.getPage(BaseModel.java:89)\r\n	at com.shangsc.platform.core.model.BaseModel.getPage(BaseModel.java:83)\r\n	at com.shangsc.platform.controller.basic.AdController.getListData(AdController.java:35)\r\n	at sun.reflect.NativeMethodAccessorImpl.invoke0(Native Method)\r\n	at sun.reflect.NativeMethodAccessorImpl.invoke(NativeMethodAccessorImpl.java:57)\r\n	at sun.reflect.DelegatingMethodAccessorImpl.invoke(DelegatingMethodAccessorImpl.java:43)\r\n	at java.lang.reflect.Method.invoke(Method.java:606)\r\n	at com.jfinal.aop.Invocation.invoke(Invocation.java:73)\r\n	at com.shangsc.platform.core.auth.interceptor.AuthorityInterceptor.intercept(AuthorityInterceptor.java:92)\r\n	at com.jfinal.aop.Invocation.invoke(Invocation.java:67)\r\n	at com.shangsc.platform.core.auth.interceptor.SysLogInterceptor.intercept(SysLogInterceptor.java:44)\r\n	at com.jfinal.aop.Invocation.invoke(Invocation.java:67)\r\n	at com.jfinal.core.ActionHandler.handle(ActionHandler.java:74)\r\n	at com.shangsc.platform.core.handler.ResourceHandler.handle(ResourceHandler.java:26)\r\n	at com.jfinal.plugin.druid.DruidStatViewHandler.handle(DruidStatViewHandler.java:75)\r\n	at com.jfinal.core.JFinalFilter.doFilter(JFinalFilter.java:74)\r\n	at org.apache.catalina.core.ApplicationFilterChain.internalDoFilter(ApplicationFilterChain.java:241)\r\n	at org.apache.catalina.core.ApplicationFilterChain.doFilter(ApplicationFilterChain.java:208)\r\n	at org.apache.catalina.core.StandardWrapperValve.invoke(StandardWrapperValve.java:220)\r\n	at org.apache.catalina.core.StandardContextValve.invoke(StandardContextValve.java:122)\r\n	at org.apache.catalina.authenticator.AuthenticatorBase.invoke(AuthenticatorBase.java:505)\r\n	at org.apache.catalina.core.StandardHostValve.invoke(StandardHostValve.java:170)\r\n	at org.apache.catalina.valves.ErrorReportValve.invoke(ErrorReportValve.java:103)\r\n	at org.apache.catalina.valves.AccessLogValve.invoke(AccessLogValve.java:957)\r\n	at org.apache.catalina.core.StandardEngineValve.invoke(StandardEngineValve.java:116)\r\n	at org.apache.catalina.connector.CoyoteAdapter.service(CoyoteAdapter.java:423)\r\n	at org.apache.coyote.http11.AbstractHttp11Processor.process(AbstractHttp11Processor.java:1079)\r\n	at org.apache.coyote.AbstractProtocol$AbstractConnectionHandler.process(AbstractProtocol.java:620)\r\n	at org.apache.tomcat.util.net.AprEndpoint$SocketProcessor.doRun(AprEndpoint.java:2516)\r\n	at org.apache.tomcat.util.net.AprEndpoint$SocketProcessor.run(AprEndpoint.java:2505)\r\n	at java.util.concurrent.ThreadPoolExecutor.runWorker(ThreadPoolExecutor.java:1145)\r\n	at java.util.concurrent.ThreadPoolExecutor$Worker.run(ThreadPoolExecutor.java:615)\r\n	at org.apache.tomcat.util.threads.TaskThread$WrappingRunnable.run(TaskThread.java:61)\r\n	at java.lang.Thread.run(Thread.java:745)\r\n', '-1', 'com.shangsc.platform.controller.basic.AdController', 'getListData', '2017-08-21 22:36:15', '0', null);
INSERT INTO `sys_log` VALUES ('37553', null, 'http://localhost/login', '127.0.0.1', '/image/getCode', null, '', '0', 'com.shangsc.platform.controller.ImageController', 'getCode', '2017-08-21 22:40:35', '318', null);
INSERT INTO `sys_log` VALUES ('37554', null, 'http://localhost/login', '127.0.0.1', '/image/getCode', null, '', '0', 'com.shangsc.platform.controller.ImageController', 'getCode', '2017-08-21 22:40:49', '16', null);
INSERT INTO `sys_log` VALUES ('37555', '1', 'http://localhost/', '127.0.0.1', '/basic/ad', null, '', '0', 'com.shangsc.platform.controller.basic.AdController', 'index', '2017-08-21 22:40:59', '0', null);
INSERT INTO `sys_log` VALUES ('37556', '1', 'http://localhost/basic/ad', '127.0.0.1', '/basic/ad/getListData', null, 'java.lang.NullPointerException\r\n	at com.shangsc.platform.core.model.BaseModel.getTableName(BaseModel.java:162)\r\n	at com.shangsc.platform.core.model.BaseModel.getPage(BaseModel.java:89)\r\n	at com.shangsc.platform.core.model.BaseModel.getPage(BaseModel.java:83)\r\n	at com.shangsc.platform.controller.basic.AdController.getListData(AdController.java:37)\r\n	at sun.reflect.NativeMethodAccessorImpl.invoke0(Native Method)\r\n	at sun.reflect.NativeMethodAccessorImpl.invoke(NativeMethodAccessorImpl.java:57)\r\n	at sun.reflect.DelegatingMethodAccessorImpl.invoke(DelegatingMethodAccessorImpl.java:43)\r\n	at java.lang.reflect.Method.invoke(Method.java:606)\r\n	at com.jfinal.aop.Invocation.invoke(Invocation.java:73)\r\n	at com.shangsc.platform.core.auth.interceptor.AuthorityInterceptor.intercept(AuthorityInterceptor.java:92)\r\n	at com.jfinal.aop.Invocation.invoke(Invocation.java:67)\r\n	at com.shangsc.platform.core.auth.interceptor.SysLogInterceptor.intercept(SysLogInterceptor.java:44)\r\n	at com.jfinal.aop.Invocation.invoke(Invocation.java:67)\r\n	at com.jfinal.core.ActionHandler.handle(ActionHandler.java:74)\r\n	at com.shangsc.platform.core.handler.ResourceHandler.handle(ResourceHandler.java:26)\r\n	at com.jfinal.plugin.druid.DruidStatViewHandler.handle(DruidStatViewHandler.java:75)\r\n	at com.jfinal.core.JFinalFilter.doFilter(JFinalFilter.java:74)\r\n	at org.apache.catalina.core.ApplicationFilterChain.internalDoFilter(ApplicationFilterChain.java:241)\r\n	at org.apache.catalina.core.ApplicationFilterChain.doFilter(ApplicationFilterChain.java:208)\r\n	at org.apache.catalina.core.StandardWrapperValve.invoke(StandardWrapperValve.java:220)\r\n	at org.apache.catalina.core.StandardContextValve.invoke(StandardContextValve.java:122)\r\n	at org.apache.catalina.authenticator.AuthenticatorBase.invoke(AuthenticatorBase.java:505)\r\n	at org.apache.catalina.core.StandardHostValve.invoke(StandardHostValve.java:170)\r\n	at org.apache.catalina.valves.ErrorReportValve.invoke(ErrorReportValve.java:103)\r\n	at org.apache.catalina.valves.AccessLogValve.invoke(AccessLogValve.java:957)\r\n	at org.apache.catalina.core.StandardEngineValve.invoke(StandardEngineValve.java:116)\r\n	at org.apache.catalina.connector.CoyoteAdapter.service(CoyoteAdapter.java:423)\r\n	at org.apache.coyote.http11.AbstractHttp11Processor.process(AbstractHttp11Processor.java:1079)\r\n	at org.apache.coyote.AbstractProtocol$AbstractConnectionHandler.process(AbstractProtocol.java:620)\r\n	at org.apache.tomcat.util.net.AprEndpoint$SocketProcessor.doRun(AprEndpoint.java:2516)\r\n	at org.apache.tomcat.util.net.AprEndpoint$SocketProcessor.run(AprEndpoint.java:2505)\r\n	at java.util.concurrent.ThreadPoolExecutor.runWorker(ThreadPoolExecutor.java:1145)\r\n	at java.util.concurrent.ThreadPoolExecutor$Worker.run(ThreadPoolExecutor.java:615)\r\n	at org.apache.tomcat.util.threads.TaskThread$WrappingRunnable.run(TaskThread.java:61)\r\n	at java.lang.Thread.run(Thread.java:745)\r\n', '-1', 'com.shangsc.platform.controller.basic.AdController', 'getListData', '2017-08-21 22:40:59', '8', null);
INSERT INTO `sys_log` VALUES ('37557', '1', 'http://localhost/', '127.0.0.1', '/basic/ad/add', null, '', '0', 'com.shangsc.platform.controller.basic.AdController', 'add', '2017-08-21 22:41:00', '0', null);
INSERT INTO `sys_log` VALUES ('37558', '1', 'http://localhost/basic/ad/add', '127.0.0.1', '/basic/ad/save', null, 'java.lang.NullPointerException\r\n	at com.jfinal.plugin.activerecord.Model.save(Model.java:404)\r\n	at com.shangsc.platform.model.Ad.save(Ad.java:28)\r\n	at com.shangsc.platform.controller.basic.AdController.save(AdController.java:59)\r\n	at sun.reflect.NativeMethodAccessorImpl.invoke0(Native Method)\r\n	at sun.reflect.NativeMethodAccessorImpl.invoke(NativeMethodAccessorImpl.java:57)\r\n	at sun.reflect.DelegatingMethodAccessorImpl.invoke(DelegatingMethodAccessorImpl.java:43)\r\n	at java.lang.reflect.Method.invoke(Method.java:606)\r\n	at com.jfinal.aop.Invocation.invoke(Invocation.java:73)\r\n	at com.shangsc.platform.core.auth.interceptor.AuthorityInterceptor.intercept(AuthorityInterceptor.java:92)\r\n	at com.jfinal.aop.Invocation.invoke(Invocation.java:67)\r\n	at com.shangsc.platform.core.auth.interceptor.SysLogInterceptor.intercept(SysLogInterceptor.java:44)\r\n	at com.jfinal.aop.Invocation.invoke(Invocation.java:67)\r\n	at com.jfinal.core.ActionHandler.handle(ActionHandler.java:74)\r\n	at com.shangsc.platform.core.handler.ResourceHandler.handle(ResourceHandler.java:26)\r\n	at com.jfinal.plugin.druid.DruidStatViewHandler.handle(DruidStatViewHandler.java:75)\r\n	at com.jfinal.core.JFinalFilter.doFilter(JFinalFilter.java:74)\r\n	at org.apache.catalina.core.ApplicationFilterChain.internalDoFilter(ApplicationFilterChain.java:241)\r\n	at org.apache.catalina.core.ApplicationFilterChain.doFilter(ApplicationFilterChain.java:208)\r\n	at org.apache.catalina.core.StandardWrapperValve.invoke(StandardWrapperValve.java:220)\r\n	at org.apache.catalina.core.StandardContextValve.invoke(StandardContextValve.java:122)\r\n	at org.apache.catalina.authenticator.AuthenticatorBase.invoke(AuthenticatorBase.java:505)\r\n	at org.apache.catalina.core.StandardHostValve.invoke(StandardHostValve.java:170)\r\n	at org.apache.catalina.valves.ErrorReportValve.invoke(ErrorReportValve.java:103)\r\n	at org.apache.catalina.valves.AccessLogValve.invoke(AccessLogValve.java:957)\r\n	at org.apache.catalina.core.StandardEngineValve.invoke(StandardEngineValve.java:116)\r\n	at org.apache.catalina.connector.CoyoteAdapter.service(CoyoteAdapter.java:423)\r\n	at org.apache.coyote.http11.AbstractHttp11Processor.process(AbstractHttp11Processor.java:1079)\r\n	at org.apache.coyote.AbstractProtocol$AbstractConnectionHandler.process(AbstractProtocol.java:620)\r\n	at org.apache.tomcat.util.net.AprEndpoint$SocketProcessor.doRun(AprEndpoint.java:2516)\r\n	at org.apache.tomcat.util.net.AprEndpoint$SocketProcessor.run(AprEndpoint.java:2505)\r\n	at java.util.concurrent.ThreadPoolExecutor.runWorker(ThreadPoolExecutor.java:1145)\r\n	at java.util.concurrent.ThreadPoolExecutor$Worker.run(ThreadPoolExecutor.java:615)\r\n	at org.apache.tomcat.util.threads.TaskThread$WrappingRunnable.run(TaskThread.java:61)\r\n	at java.lang.Thread.run(Thread.java:745)\r\n', '-1', 'com.shangsc.platform.controller.basic.AdController', 'save', '2017-08-21 22:41:06', '13290', null);
INSERT INTO `sys_log` VALUES ('37559', '1', 'http://localhost/', '127.0.0.1', '/basic/meter', null, '', '0', 'com.shangsc.platform.controller.basic.MeterController', 'index', '2017-08-21 22:44:02', '0', null);
INSERT INTO `sys_log` VALUES ('37560', '1', 'http://localhost/basic/meter', '127.0.0.1', '/basic/meter/getListData', null, 'com.jfinal.plugin.activerecord.ActiveRecordException: java.sql.SQLException: sql injection violation, syntax error: syntax error, error in :\'eter twm\',expect IDENTIFIER, actual IDENTIFIER twm : select count(*) t_water_meter twm\r\n	at com.jfinal.plugin.activerecord.Model.paginate(Model.java:299)\r\n	at com.jfinal.plugin.activerecord.Model.paginate(Model.java:373)\r\n	at com.shangsc.platform.model.WaterMeter.getWaterMeterPage(WaterMeter.java:23)\r\n	at com.shangsc.platform.controller.basic.MeterController.getListData(MeterController.java:26)\r\n	at sun.reflect.NativeMethodAccessorImpl.invoke0(Native Method)\r\n	at sun.reflect.NativeMethodAccessorImpl.invoke(NativeMethodAccessorImpl.java:57)\r\n	at sun.reflect.DelegatingMethodAccessorImpl.invoke(DelegatingMethodAccessorImpl.java:43)\r\n	at java.lang.reflect.Method.invoke(Method.java:606)\r\n	at com.jfinal.aop.Invocation.invoke(Invocation.java:73)\r\n	at com.shangsc.platform.core.auth.interceptor.AuthorityInterceptor.intercept(AuthorityInterceptor.java:92)\r\n	at com.jfinal.aop.Invocation.invoke(Invocation.java:67)\r\n	at com.shangsc.platform.core.auth.interceptor.SysLogInterceptor.intercept(SysLogInterceptor.java:44)\r\n	at com.jfinal.aop.Invocation.invoke(Invocation.java:67)\r\n	at com.jfinal.core.ActionHandler.handle(ActionHandler.java:74)\r\n	at com.shangsc.platform.core.handler.ResourceHandler.handle(ResourceHandler.java:26)\r\n	at com.jfinal.plugin.druid.DruidStatViewHandler.handle(DruidStatViewHandler.java:75)\r\n	at com.jfinal.core.JFinalFilter.doFilter(JFinalFilter.java:74)\r\n	at org.apache.catalina.core.ApplicationFilterChain.internalDoFilter(ApplicationFilterChain.java:241)\r\n	at org.apache.catalina.core.ApplicationFilterChain.doFilter(ApplicationFilterChain.java:208)\r\n	at org.apache.catalina.core.StandardWrapperValve.invoke(StandardWrapperValve.java:220)\r\n	at org.apache.catalina.core.StandardContextValve.invoke(StandardContextValve.java:122)\r\n	at org.apache.catalina.authenticator.AuthenticatorBase.invoke(AuthenticatorBase.java:505)\r\n	at org.apache.catalina.core.StandardHostValve.invoke(StandardHostValve.java:170)\r\n	at org.apache.catalina.valves.ErrorReportValve.invoke(ErrorReportValve.java:103)\r\n	at org.apache.catalina.valves.AccessLogValve.invoke(AccessLogValve.java:957)\r\n	at org.apache.catalina.core.StandardEngineValve.invoke(StandardEngineValve.java:116)\r\n	at org.apache.catalina.connector.CoyoteAdapter.service(CoyoteAdapter.java:423)\r\n	at org.apache.coyote.http11.AbstractHttp11Processor.process(AbstractHttp11Processor.java:1079)\r\n	at org.apache.coyote.AbstractProtocol$AbstractConnectionHandler.process(AbstractProtocol.java:620)\r\n	at org.apache.tomcat.util.net.AprEndpoint$SocketProcessor.doRun(AprEndpoint.java:2516)\r\n	at org.apache.tomcat.util.net.AprEndpoint$SocketProcessor.run(AprEndpoint.java:2505)\r\n	at java.util.concurrent.ThreadPoolExecutor.runWorker(ThreadPoolExecutor.java:1145)\r\n	at java.util.concurrent.ThreadPoolExecutor$Worker.run(ThreadPoolExecutor.java:615)\r\n	at org.apache.tomcat.util.threads.TaskThread$WrappingRunnable.run(TaskThread.java:61)\r\n	at java.lang.Thread.run(Thread.java:745)\r\nCaused by: java.sql.SQLException: sql injection violation, syntax error: syntax error, error in :\'eter twm\',expect IDENTIFIER, actual IDENTIFIER twm : select count(*) t_water_meter twm\r\n	at com.alibaba.druid.wall.WallFilter.check(WallFilter.java:724)\r\n	at com.alibaba.druid.wall.WallFilter.connection_prepareStatement(WallFilter.java:252)\r\n	at com.alibaba.druid.filter.FilterChainImpl.connection_prepareStatement(FilterChainImpl.java:448)\r\n	at com.alibaba.druid.filter.FilterAdapter.connection_prepareStatement(FilterAdapter.java:928)\r\n	at com.alibaba.druid.filter.FilterEventAdapter.connection_prepareStatement(FilterEventAdapter.java:122)\r\n	at com.alibaba.druid.filter.FilterChainImpl.connection_prepareStatement(FilterChainImpl.java:448)\r\n	at com.alibaba.druid.proxy.jdbc.ConnectionProxyImpl.prepareStatement(ConnectionProxyImpl.java:342)\r\n	at com.alibaba.druid.pool.DruidPooledConnection.prepareStatement(DruidPooledConnection.java:331)\r\n	at sun.reflect.NativeMethodAccessorImpl.invoke0(Native Method)\r\n	at sun.reflect.NativeMethodAccessorImpl.invoke(NativeMethodAccessorImpl.java:57)\r\n	at sun.reflect.DelegatingMethodAccessorImpl.invoke(DelegatingMethodAccessorImpl.java:43)\r\n	at java.lang.reflect.Method.invoke(Method.java:606)\r\n	at com.jfinal.plugin.activerecord.SqlReporter.invoke(SqlReporter.java:58)\r\n	at com.sun.proxy.$Proxy7.prepareStatement(Unknown Source)\r\n	at com.jfinal.plugin.activerecord.DbPro.query(DbPro.java:93)\r\n	at com.jfinal.plugin.activerecord.Db.query(Db.java:39)\r\n	at com.jfinal.plugin.activerecord.Model.doPaginate(Model.java:338)\r\n	at com.jfinal.plugin.activerecord.Model.paginate(Model.java:326)\r\n	at com.jfinal.plugin.activerecord.Model.paginate(Model.java:297)\r\n	... 34 more\r\nCaused by: com.alibaba.druid.sql.parser.ParserException: syntax error, error in :\'eter twm\',expect IDENTIFIER, actual IDENTIFIER twm\r\n	at com.alibaba.druid.sql.parser.SQLParser.printError(SQLParser.java:239)\r\n	at com.alibaba.druid.sql.parser.SQLStatementParser.parseStatementList(SQLStatementParser.java:416)\r\n	at com.alibaba.druid.sql.parser.SQLStatementParser.parseStatementList(SQLStatementParser.java:145)\r\n	at com.alibaba.druid.wall.WallProvider.checkInternal(WallProvider.java:620)\r\n	at com.alibaba.druid.wall.WallProvider.check(WallProvider.java:574)\r\n	at com.alibaba.druid.wall.WallFilter.check(WallFilter.java:711)\r\n	... 52 more\r\n', '-1', 'com.shangsc.platform.controller.basic.MeterController', 'getListData', '2017-08-21 22:44:03', '8', null);
INSERT INTO `sys_log` VALUES ('37561', '1', 'http://localhost/', '127.0.0.1', '/basic/meter/add', null, '', '0', 'com.shangsc.platform.controller.basic.MeterController', 'add', '2017-08-21 22:44:04', '0', null);
INSERT INTO `sys_log` VALUES ('37562', '1', 'http://localhost/basic/meter/add', '127.0.0.1', '/basic/meter/save', null, 'com.jfinal.plugin.activerecord.ActiveRecordException: com.mysql.jdbc.MysqlDataTruncation: Data truncation: Out of range value for column \'waters_type\' at row 1\r\n	at com.jfinal.plugin.activerecord.Model.save(Model.java:424)\r\n	at com.shangsc.platform.model.WaterMeter.save(WaterMeter.java:53)\r\n	at com.shangsc.platform.controller.basic.MeterController.save(MeterController.java:52)\r\n	at sun.reflect.NativeMethodAccessorImpl.invoke0(Native Method)\r\n	at sun.reflect.NativeMethodAccessorImpl.invoke(NativeMethodAccessorImpl.java:57)\r\n	at sun.reflect.DelegatingMethodAccessorImpl.invoke(DelegatingMethodAccessorImpl.java:43)\r\n	at java.lang.reflect.Method.invoke(Method.java:606)\r\n	at com.jfinal.aop.Invocation.invoke(Invocation.java:73)\r\n	at com.shangsc.platform.core.auth.interceptor.AuthorityInterceptor.intercept(AuthorityInterceptor.java:92)\r\n	at com.jfinal.aop.Invocation.invoke(Invocation.java:67)\r\n	at com.shangsc.platform.core.auth.interceptor.SysLogInterceptor.intercept(SysLogInterceptor.java:44)\r\n	at com.jfinal.aop.Invocation.invoke(Invocation.java:67)\r\n	at com.jfinal.core.ActionHandler.handle(ActionHandler.java:74)\r\n	at com.shangsc.platform.core.handler.ResourceHandler.handle(ResourceHandler.java:26)\r\n	at com.jfinal.plugin.druid.DruidStatViewHandler.handle(DruidStatViewHandler.java:75)\r\n	at com.jfinal.core.JFinalFilter.doFilter(JFinalFilter.java:74)\r\n	at org.apache.catalina.core.ApplicationFilterChain.internalDoFilter(ApplicationFilterChain.java:241)\r\n	at org.apache.catalina.core.ApplicationFilterChain.doFilter(ApplicationFilterChain.java:208)\r\n	at org.apache.catalina.core.StandardWrapperValve.invoke(StandardWrapperValve.java:220)\r\n	at org.apache.catalina.core.StandardContextValve.invoke(StandardContextValve.java:122)\r\n	at org.apache.catalina.authenticator.AuthenticatorBase.invoke(AuthenticatorBase.java:505)\r\n	at org.apache.catalina.core.StandardHostValve.invoke(StandardHostValve.java:170)\r\n	at org.apache.catalina.valves.ErrorReportValve.invoke(ErrorReportValve.java:103)\r\n	at org.apache.catalina.valves.AccessLogValve.invoke(AccessLogValve.java:957)\r\n	at org.apache.catalina.core.StandardEngineValve.invoke(StandardEngineValve.java:116)\r\n	at org.apache.catalina.connector.CoyoteAdapter.service(CoyoteAdapter.java:423)\r\n	at org.apache.coyote.http11.AbstractHttp11Processor.process(AbstractHttp11Processor.java:1079)\r\n	at org.apache.coyote.AbstractProtocol$AbstractConnectionHandler.process(AbstractProtocol.java:620)\r\n	at org.apache.tomcat.util.net.AprEndpoint$SocketProcessor.doRun(AprEndpoint.java:2516)\r\n	at org.apache.tomcat.util.net.AprEndpoint$SocketProcessor.run(AprEndpoint.java:2505)\r\n	at java.util.concurrent.ThreadPoolExecutor.runWorker(ThreadPoolExecutor.java:1145)\r\n	at java.util.concurrent.ThreadPoolExecutor$Worker.run(ThreadPoolExecutor.java:615)\r\n	at org.apache.tomcat.util.threads.TaskThread$WrappingRunnable.run(TaskThread.java:61)\r\n	at java.lang.Thread.run(Thread.java:745)\r\nCaused by: com.mysql.jdbc.MysqlDataTruncation: Data truncation: Out of range value for column \'waters_type\' at row 1\r\n	at com.mysql.jdbc.MysqlIO.checkErrorPacket(MysqlIO.java:4094)\r\n	at com.mysql.jdbc.MysqlIO.checkErrorPacket(MysqlIO.java:4028)\r\n	at com.mysql.jdbc.MysqlIO.sendCommand(MysqlIO.java:2490)\r\n	at com.mysql.jdbc.MysqlIO.sqlQueryDirect(MysqlIO.java:2651)\r\n	at com.mysql.jdbc.ConnectionImpl.execSQL(ConnectionImpl.java:2734)\r\n	at com.mysql.jdbc.PreparedStatement.executeInternal(PreparedStatement.java:2155)\r\n	at com.mysql.jdbc.PreparedStatement.executeUpdate(PreparedStatement.java:2458)\r\n	at com.mysql.jdbc.PreparedStatement.executeUpdate(PreparedStatement.java:2375)\r\n	at com.mysql.jdbc.PreparedStatement.executeUpdate(PreparedStatement.java:2359)\r\n	at com.alibaba.druid.filter.FilterChainImpl.preparedStatement_executeUpdate(FilterChainImpl.java:2723)\r\n	at com.alibaba.druid.wall.WallFilter.preparedStatement_executeUpdate(WallFilter.java:633)\r\n	at com.alibaba.druid.filter.FilterChainImpl.preparedStatement_executeUpdate(FilterChainImpl.java:2721)\r\n	at com.alibaba.druid.filter.FilterAdapter.preparedStatement_executeUpdate(FilterAdapter.java:1069)\r\n	at com.alibaba.druid.filter.FilterEventAdapter.preparedStatement_executeUpdate(FilterEventAdapter.java:491)\r\n	at com.alibaba.druid.filter.FilterChainImpl.preparedStatement_executeUpdate(FilterChainImpl.java:2721)\r\n	at com.alibaba.druid.proxy.jdbc.PreparedStatementProxyImpl.executeUpdate(PreparedStatementProxyImpl.java:158)\r\n	at com.alibaba.druid.pool.DruidPooledPreparedStatement.executeUpdate(DruidPooledPreparedStatement.java:253)\r\n	at com.jfinal.plugin.activerecord.Model.save(Model.java:419)\r\n	... 33 more\r\n', '-1', 'com.shangsc.platform.controller.basic.MeterController', 'save', '2017-08-21 22:44:12', '17234', null);
INSERT INTO `sys_log` VALUES ('37563', '1', 'http://localhost/', '127.0.0.1', '/basic/meter', null, '', '0', 'com.shangsc.platform.controller.basic.MeterController', 'index', '2017-08-21 22:44:36', '0', null);
INSERT INTO `sys_log` VALUES ('37564', '1', 'http://localhost/basic/meter', '127.0.0.1', '/basic/meter/getListData', null, 'com.jfinal.plugin.activerecord.ActiveRecordException: java.sql.SQLException: sql injection violation, syntax error: syntax error, error in :\'eter twm\',expect IDENTIFIER, actual IDENTIFIER twm : select count(*) t_water_meter twm\r\n	at com.jfinal.plugin.activerecord.Model.paginate(Model.java:299)\r\n	at com.jfinal.plugin.activerecord.Model.paginate(Model.java:373)\r\n	at com.shangsc.platform.model.WaterMeter.getWaterMeterPage(WaterMeter.java:23)\r\n	at com.shangsc.platform.controller.basic.MeterController.getListData(MeterController.java:26)\r\n	at sun.reflect.NativeMethodAccessorImpl.invoke0(Native Method)\r\n	at sun.reflect.NativeMethodAccessorImpl.invoke(NativeMethodAccessorImpl.java:57)\r\n	at sun.reflect.DelegatingMethodAccessorImpl.invoke(DelegatingMethodAccessorImpl.java:43)\r\n	at java.lang.reflect.Method.invoke(Method.java:606)\r\n	at com.jfinal.aop.Invocation.invoke(Invocation.java:73)\r\n	at com.shangsc.platform.core.auth.interceptor.AuthorityInterceptor.intercept(AuthorityInterceptor.java:92)\r\n	at com.jfinal.aop.Invocation.invoke(Invocation.java:67)\r\n	at com.shangsc.platform.core.auth.interceptor.SysLogInterceptor.intercept(SysLogInterceptor.java:44)\r\n	at com.jfinal.aop.Invocation.invoke(Invocation.java:67)\r\n	at com.jfinal.core.ActionHandler.handle(ActionHandler.java:74)\r\n	at com.shangsc.platform.core.handler.ResourceHandler.handle(ResourceHandler.java:26)\r\n	at com.jfinal.plugin.druid.DruidStatViewHandler.handle(DruidStatViewHandler.java:75)\r\n	at com.jfinal.core.JFinalFilter.doFilter(JFinalFilter.java:74)\r\n	at org.apache.catalina.core.ApplicationFilterChain.internalDoFilter(ApplicationFilterChain.java:241)\r\n	at org.apache.catalina.core.ApplicationFilterChain.doFilter(ApplicationFilterChain.java:208)\r\n	at org.apache.catalina.core.StandardWrapperValve.invoke(StandardWrapperValve.java:220)\r\n	at org.apache.catalina.core.StandardContextValve.invoke(StandardContextValve.java:122)\r\n	at org.apache.catalina.authenticator.AuthenticatorBase.invoke(AuthenticatorBase.java:505)\r\n	at org.apache.catalina.core.StandardHostValve.invoke(StandardHostValve.java:170)\r\n	at org.apache.catalina.valves.ErrorReportValve.invoke(ErrorReportValve.java:103)\r\n	at org.apache.catalina.valves.AccessLogValve.invoke(AccessLogValve.java:957)\r\n	at org.apache.catalina.core.StandardEngineValve.invoke(StandardEngineValve.java:116)\r\n	at org.apache.catalina.connector.CoyoteAdapter.service(CoyoteAdapter.java:423)\r\n	at org.apache.coyote.http11.AbstractHttp11Processor.process(AbstractHttp11Processor.java:1079)\r\n	at org.apache.coyote.AbstractProtocol$AbstractConnectionHandler.process(AbstractProtocol.java:620)\r\n	at org.apache.tomcat.util.net.AprEndpoint$SocketProcessor.doRun(AprEndpoint.java:2516)\r\n	at org.apache.tomcat.util.net.AprEndpoint$SocketProcessor.run(AprEndpoint.java:2505)\r\n	at java.util.concurrent.ThreadPoolExecutor.runWorker(ThreadPoolExecutor.java:1145)\r\n	at java.util.concurrent.ThreadPoolExecutor$Worker.run(ThreadPoolExecutor.java:615)\r\n	at org.apache.tomcat.util.threads.TaskThread$WrappingRunnable.run(TaskThread.java:61)\r\n	at java.lang.Thread.run(Thread.java:745)\r\nCaused by: java.sql.SQLException: sql injection violation, syntax error: syntax error, error in :\'eter twm\',expect IDENTIFIER, actual IDENTIFIER twm : select count(*) t_water_meter twm\r\n	at com.alibaba.druid.wall.WallFilter.check(WallFilter.java:724)\r\n	at com.alibaba.druid.wall.WallFilter.connection_prepareStatement(WallFilter.java:252)\r\n	at com.alibaba.druid.filter.FilterChainImpl.connection_prepareStatement(FilterChainImpl.java:448)\r\n	at com.alibaba.druid.filter.FilterAdapter.connection_prepareStatement(FilterAdapter.java:928)\r\n	at com.alibaba.druid.filter.FilterEventAdapter.connection_prepareStatement(FilterEventAdapter.java:122)\r\n	at com.alibaba.druid.filter.FilterChainImpl.connection_prepareStatement(FilterChainImpl.java:448)\r\n	at com.alibaba.druid.proxy.jdbc.ConnectionProxyImpl.prepareStatement(ConnectionProxyImpl.java:342)\r\n	at com.alibaba.druid.pool.DruidPooledConnection.prepareStatement(DruidPooledConnection.java:331)\r\n	at sun.reflect.NativeMethodAccessorImpl.invoke0(Native Method)\r\n	at sun.reflect.NativeMethodAccessorImpl.invoke(NativeMethodAccessorImpl.java:57)\r\n	at sun.reflect.DelegatingMethodAccessorImpl.invoke(DelegatingMethodAccessorImpl.java:43)\r\n	at java.lang.reflect.Method.invoke(Method.java:606)\r\n	at com.jfinal.plugin.activerecord.SqlReporter.invoke(SqlReporter.java:58)\r\n	at com.sun.proxy.$Proxy7.prepareStatement(Unknown Source)\r\n	at com.jfinal.plugin.activerecord.DbPro.query(DbPro.java:93)\r\n	at com.jfinal.plugin.activerecord.Db.query(Db.java:39)\r\n	at com.jfinal.plugin.activerecord.Model.doPaginate(Model.java:338)\r\n	at com.jfinal.plugin.activerecord.Model.paginate(Model.java:326)\r\n	at com.jfinal.plugin.activerecord.Model.paginate(Model.java:297)\r\n	... 34 more\r\nCaused by: com.alibaba.druid.sql.parser.ParserException: syntax error, error in :\'eter twm\',expect IDENTIFIER, actual IDENTIFIER twm\r\n	at com.alibaba.druid.sql.parser.SQLParser.printError(SQLParser.java:239)\r\n	at com.alibaba.druid.sql.parser.SQLStatementParser.parseStatementList(SQLStatementParser.java:416)\r\n	at com.alibaba.druid.sql.parser.SQLStatementParser.parseStatementList(SQLStatementParser.java:145)\r\n	at com.alibaba.druid.wall.WallProvider.checkInternal(WallProvider.java:620)\r\n	at com.alibaba.druid.wall.WallProvider.check(WallProvider.java:574)\r\n	at com.alibaba.druid.wall.WallFilter.check(WallFilter.java:711)\r\n	... 52 more\r\n', '-1', 'com.shangsc.platform.controller.basic.MeterController', 'getListData', '2017-08-21 22:44:37', '1', null);
INSERT INTO `sys_log` VALUES ('37565', '1', 'http://localhost/', '127.0.0.1', '/basic/company', null, '', '0', 'com.shangsc.platform.controller.basic.CompanyController', 'index', '2017-08-21 22:46:02', '0', null);
INSERT INTO `sys_log` VALUES ('37566', '1', 'http://localhost/basic/company', '127.0.0.1', '/basic/company/getListData', null, '', '0', 'com.shangsc.platform.controller.basic.CompanyController', 'getListData', '2017-08-21 22:46:02', '8', null);
INSERT INTO `sys_log` VALUES ('37567', '1', 'http://localhost/', '127.0.0.1', '/basic/company/add', null, '', '0', 'com.shangsc.platform.controller.basic.CompanyController', 'add', '2017-08-21 22:46:04', '4', null);
INSERT INTO `sys_log` VALUES ('37568', '1', 'http://localhost/', '127.0.0.1', '/basic/meter/add', null, '', '0', 'com.shangsc.platform.controller.basic.MeterController', 'add', '2017-08-21 22:46:23', '0', null);
INSERT INTO `sys_log` VALUES ('37569', '1', 'http://localhost/basic/meter/add', '127.0.0.1', '/basic/meter/save', null, '', '0', 'com.shangsc.platform.controller.basic.MeterController', 'save', '2017-08-21 22:46:38', '1124365', null);
INSERT INTO `sys_log` VALUES ('37570', '1', 'http://localhost/basic/meter', '127.0.0.1', '/basic/meter/getListData', null, 'com.jfinal.plugin.activerecord.ActiveRecordException: java.sql.SQLException: sql injection violation, syntax error: syntax error, error in :\'eter twm\',expect IDENTIFIER, actual IDENTIFIER twm : select count(*) t_water_meter twm\r\n	at com.jfinal.plugin.activerecord.Model.paginate(Model.java:299)\r\n	at com.jfinal.plugin.activerecord.Model.paginate(Model.java:373)\r\n	at com.shangsc.platform.model.WaterMeter.getWaterMeterPage(WaterMeter.java:23)\r\n	at com.shangsc.platform.controller.basic.MeterController.getListData(MeterController.java:26)\r\n	at sun.reflect.NativeMethodAccessorImpl.invoke0(Native Method)\r\n	at sun.reflect.NativeMethodAccessorImpl.invoke(NativeMethodAccessorImpl.java:57)\r\n	at sun.reflect.DelegatingMethodAccessorImpl.invoke(DelegatingMethodAccessorImpl.java:43)\r\n	at java.lang.reflect.Method.invoke(Method.java:606)\r\n	at com.jfinal.aop.Invocation.invoke(Invocation.java:73)\r\n	at com.shangsc.platform.core.auth.interceptor.AuthorityInterceptor.intercept(AuthorityInterceptor.java:92)\r\n	at com.jfinal.aop.Invocation.invoke(Invocation.java:67)\r\n	at com.shangsc.platform.core.auth.interceptor.SysLogInterceptor.intercept(SysLogInterceptor.java:44)\r\n	at com.jfinal.aop.Invocation.invoke(Invocation.java:67)\r\n	at com.jfinal.core.ActionHandler.handle(ActionHandler.java:74)\r\n	at com.shangsc.platform.core.handler.ResourceHandler.handle(ResourceHandler.java:26)\r\n	at com.jfinal.plugin.druid.DruidStatViewHandler.handle(DruidStatViewHandler.java:75)\r\n	at com.jfinal.core.JFinalFilter.doFilter(JFinalFilter.java:74)\r\n	at org.apache.catalina.core.ApplicationFilterChain.internalDoFilter(ApplicationFilterChain.java:241)\r\n	at org.apache.catalina.core.ApplicationFilterChain.doFilter(ApplicationFilterChain.java:208)\r\n	at org.apache.catalina.core.StandardWrapperValve.invoke(StandardWrapperValve.java:220)\r\n	at org.apache.catalina.core.StandardContextValve.invoke(StandardContextValve.java:122)\r\n	at org.apache.catalina.authenticator.AuthenticatorBase.invoke(AuthenticatorBase.java:505)\r\n	at org.apache.catalina.core.StandardHostValve.invoke(StandardHostValve.java:170)\r\n	at org.apache.catalina.valves.ErrorReportValve.invoke(ErrorReportValve.java:103)\r\n	at org.apache.catalina.valves.AccessLogValve.invoke(AccessLogValve.java:957)\r\n	at org.apache.catalina.core.StandardEngineValve.invoke(StandardEngineValve.java:116)\r\n	at org.apache.catalina.connector.CoyoteAdapter.service(CoyoteAdapter.java:423)\r\n	at org.apache.coyote.http11.AbstractHttp11Processor.process(AbstractHttp11Processor.java:1079)\r\n	at org.apache.coyote.AbstractProtocol$AbstractConnectionHandler.process(AbstractProtocol.java:620)\r\n	at org.apache.tomcat.util.net.AprEndpoint$SocketProcessor.doRun(AprEndpoint.java:2516)\r\n	at org.apache.tomcat.util.net.AprEndpoint$SocketProcessor.run(AprEndpoint.java:2505)\r\n	at java.util.concurrent.ThreadPoolExecutor.runWorker(ThreadPoolExecutor.java:1145)\r\n	at java.util.concurrent.ThreadPoolExecutor$Worker.run(ThreadPoolExecutor.java:615)\r\n	at org.apache.tomcat.util.threads.TaskThread$WrappingRunnable.run(TaskThread.java:61)\r\n	at java.lang.Thread.run(Thread.java:745)\r\nCaused by: java.sql.SQLException: sql injection violation, syntax error: syntax error, error in :\'eter twm\',expect IDENTIFIER, actual IDENTIFIER twm : select count(*) t_water_meter twm\r\n	at com.alibaba.druid.wall.WallFilter.check(WallFilter.java:724)\r\n	at com.alibaba.druid.wall.WallFilter.connection_prepareStatement(WallFilter.java:252)\r\n	at com.alibaba.druid.filter.FilterChainImpl.connection_prepareStatement(FilterChainImpl.java:448)\r\n	at com.alibaba.druid.filter.FilterAdapter.connection_prepareStatement(FilterAdapter.java:928)\r\n	at com.alibaba.druid.filter.FilterEventAdapter.connection_prepareStatement(FilterEventAdapter.java:122)\r\n	at com.alibaba.druid.filter.FilterChainImpl.connection_prepareStatement(FilterChainImpl.java:448)\r\n	at com.alibaba.druid.proxy.jdbc.ConnectionProxyImpl.prepareStatement(ConnectionProxyImpl.java:342)\r\n	at com.alibaba.druid.pool.DruidPooledConnection.prepareStatement(DruidPooledConnection.java:331)\r\n	at sun.reflect.GeneratedMethodAccessor22.invoke(Unknown Source)\r\n	at sun.reflect.DelegatingMethodAccessorImpl.invoke(DelegatingMethodAccessorImpl.java:43)\r\n	at java.lang.reflect.Method.invoke(Method.java:606)\r\n	at com.jfinal.plugin.activerecord.SqlReporter.invoke(SqlReporter.java:58)\r\n	at com.sun.proxy.$Proxy7.prepareStatement(Unknown Source)\r\n	at com.jfinal.plugin.activerecord.DbPro.query(DbPro.java:93)\r\n	at com.jfinal.plugin.activerecord.Db.query(Db.java:39)\r\n	at com.jfinal.plugin.activerecord.Model.doPaginate(Model.java:338)\r\n	at com.jfinal.plugin.activerecord.Model.paginate(Model.java:326)\r\n	at com.jfinal.plugin.activerecord.Model.paginate(Model.java:297)\r\n	... 34 more\r\nCaused by: com.alibaba.druid.sql.parser.ParserException: syntax error, error in :\'eter twm\',expect IDENTIFIER, actual IDENTIFIER twm\r\n	at com.alibaba.druid.sql.parser.SQLParser.printError(SQLParser.java:239)\r\n	at com.alibaba.druid.sql.parser.SQLStatementParser.parseStatementList(SQLStatementParser.java:416)\r\n	at com.alibaba.druid.sql.parser.SQLStatementParser.parseStatementList(SQLStatementParser.java:145)\r\n	at com.alibaba.druid.wall.WallProvider.checkInternal(WallProvider.java:620)\r\n	at com.alibaba.druid.wall.WallProvider.check(WallProvider.java:574)\r\n	at com.alibaba.druid.wall.WallFilter.check(WallFilter.java:711)\r\n	at com.alibaba.druid.wall.WallFilter.connection_prepareStatement(WallFilter.java:252)\r\n	at com.alibaba.druid.filter.FilterChainImpl.connection_prepareStatement(FilterChainImpl.java:448)\r\n	at com.alibaba.druid.filter.FilterAdapter.connection_prepareStatement(FilterAdapter.java:928)\r\n	at com.alibaba.druid.filter.FilterEventAdapter.connection_prepareStatement(FilterEventAdapter.java:122)\r\n	at com.alibaba.druid.filter.FilterChainImpl.connection_prepareStatement(FilterChainImpl.java:448)\r\n	at com.alibaba.druid.proxy.jdbc.ConnectionProxyImpl.prepareStatement(ConnectionProxyImpl.java:342)\r\n	at com.alibaba.druid.pool.DruidPooledConnection.prepareStatement(DruidPooledConnection.java:331)\r\n	at sun.reflect.NativeMethodAccessorImpl.invoke0(Native Method)\r\n	at sun.reflect.NativeMethodAccessorImpl.invoke(NativeMethodAccessorImpl.java:57)\r\n	... 43 more\r\n', '-1', 'com.shangsc.platform.controller.basic.MeterController', 'getListData', '2017-08-21 23:05:23', '12', null);
INSERT INTO `sys_log` VALUES ('37571', null, 'http://localhost/login', '127.0.0.1', '/image/getCode', null, '', '0', 'com.shangsc.platform.controller.ImageController', 'getCode', '2017-08-21 23:05:35', '367', null);
INSERT INTO `sys_log` VALUES ('37572', '1', 'http://localhost/', '127.0.0.1', '/statis/readnum', null, '', '0', 'com.shangsc.platform.controller.statis.StatisController', 'index', '2017-08-21 23:05:46', '2645', null);
INSERT INTO `sys_log` VALUES ('37573', '1', 'http://localhost/statis/readnum', '127.0.0.1', '/basic/company/getListData', null, '', '0', 'com.shangsc.platform.controller.basic.CompanyController', 'getListData', '2017-08-21 23:05:49', '6', null);
INSERT INTO `sys_log` VALUES ('37574', null, 'http://localhost/login', '127.0.0.1', '/image/getCode', null, '', '0', 'com.shangsc.platform.controller.ImageController', 'getCode', '2017-08-21 23:26:14', '318', null);
INSERT INTO `sys_log` VALUES ('37575', '1', 'http://localhost/', '127.0.0.1', '/statis/readnum', null, '', '0', 'com.shangsc.platform.controller.statis.ReadnumStatisController', 'index', '2017-08-21 23:26:24', '2793', null);
INSERT INTO `sys_log` VALUES ('37576', '1', 'http://localhost/statis/readnum', '127.0.0.1', '/basic/company/getListData', null, '', '0', 'com.shangsc.platform.controller.basic.CompanyController', 'getListData', '2017-08-21 23:26:27', '9', null);
INSERT INTO `sys_log` VALUES ('37577', '1', 'http://localhost/', '127.0.0.1', '/statis/daily', null, '', '0', 'com.shangsc.platform.controller.statis.DailyStatisController', 'index', '2017-08-21 23:29:17', '0', null);
INSERT INTO `sys_log` VALUES ('37578', '1', 'http://localhost/statis/daily', '127.0.0.1', '/basic/company/getListData', null, '', '0', 'com.shangsc.platform.controller.basic.CompanyController', 'getListData', '2017-08-21 23:29:18', '2', null);
INSERT INTO `sys_log` VALUES ('37579', '1', 'http://localhost/', '127.0.0.1', '/statis/month', null, '', '0', 'com.shangsc.platform.controller.statis.MonthStatisController', 'index', '2017-08-21 23:29:19', '2', null);
INSERT INTO `sys_log` VALUES ('37580', '1', 'http://localhost/statis/month', '127.0.0.1', '/basic/company/getListData', null, '', '0', 'com.shangsc.platform.controller.basic.CompanyController', 'getListData', '2017-08-21 23:29:19', '2', null);
INSERT INTO `sys_log` VALUES ('37581', '1', 'http://localhost/', '127.0.0.1', '/statis/year', null, '', '0', 'com.shangsc.platform.controller.statis.YearStatisController', 'index', '2017-08-21 23:29:20', '1', null);
INSERT INTO `sys_log` VALUES ('37582', '1', 'http://localhost/statis/year', '127.0.0.1', '/basic/company/getListData', null, '', '0', 'com.shangsc.platform.controller.basic.CompanyController', 'getListData', '2017-08-21 23:29:20', '2', null);
INSERT INTO `sys_log` VALUES ('37583', '1', 'http://localhost/', '127.0.0.1', '/basic/company', null, '', '0', 'com.shangsc.platform.controller.basic.CompanyController', 'index', '2017-08-21 23:29:31', '0', null);
INSERT INTO `sys_log` VALUES ('37584', '1', 'http://localhost/basic/company', '127.0.0.1', '/basic/company/getListData', null, '', '0', 'com.shangsc.platform.controller.basic.CompanyController', 'getListData', '2017-08-21 23:29:31', '2', null);
INSERT INTO `sys_log` VALUES ('37585', '1', 'http://localhost/', '127.0.0.1', '/basic/meter', null, '', '0', 'com.shangsc.platform.controller.basic.MeterController', 'index', '2017-08-21 23:29:31', '1', null);
INSERT INTO `sys_log` VALUES ('37586', '1', 'http://localhost/basic/meter', '127.0.0.1', '/basic/meter/getListData', null, 'com.jfinal.plugin.activerecord.ActiveRecordException: java.sql.SQLException: sql injection violation, syntax error: syntax error, error in :\'eter twm\',expect IDENTIFIER, actual IDENTIFIER twm : select count(*) t_water_meter twm\r\n	at com.jfinal.plugin.activerecord.Model.paginate(Model.java:299)\r\n	at com.jfinal.plugin.activerecord.Model.paginate(Model.java:373)\r\n	at com.shangsc.platform.model.WaterMeter.getWaterMeterPage(WaterMeter.java:23)\r\n	at com.shangsc.platform.controller.basic.MeterController.getListData(MeterController.java:26)\r\n	at sun.reflect.NativeMethodAccessorImpl.invoke0(Native Method)\r\n	at sun.reflect.NativeMethodAccessorImpl.invoke(NativeMethodAccessorImpl.java:57)\r\n	at sun.reflect.DelegatingMethodAccessorImpl.invoke(DelegatingMethodAccessorImpl.java:43)\r\n	at java.lang.reflect.Method.invoke(Method.java:606)\r\n	at com.jfinal.aop.Invocation.invoke(Invocation.java:73)\r\n	at com.shangsc.platform.core.auth.interceptor.AuthorityInterceptor.intercept(AuthorityInterceptor.java:92)\r\n	at com.jfinal.aop.Invocation.invoke(Invocation.java:67)\r\n	at com.shangsc.platform.core.auth.interceptor.SysLogInterceptor.intercept(SysLogInterceptor.java:44)\r\n	at com.jfinal.aop.Invocation.invoke(Invocation.java:67)\r\n	at com.jfinal.core.ActionHandler.handle(ActionHandler.java:74)\r\n	at com.shangsc.platform.core.handler.ResourceHandler.handle(ResourceHandler.java:26)\r\n	at com.jfinal.plugin.druid.DruidStatViewHandler.handle(DruidStatViewHandler.java:75)\r\n	at com.jfinal.core.JFinalFilter.doFilter(JFinalFilter.java:74)\r\n	at org.apache.catalina.core.ApplicationFilterChain.internalDoFilter(ApplicationFilterChain.java:241)\r\n	at org.apache.catalina.core.ApplicationFilterChain.doFilter(ApplicationFilterChain.java:208)\r\n	at org.apache.catalina.core.StandardWrapperValve.invoke(StandardWrapperValve.java:220)\r\n	at org.apache.catalina.core.StandardContextValve.invoke(StandardContextValve.java:122)\r\n	at org.apache.catalina.authenticator.AuthenticatorBase.invoke(AuthenticatorBase.java:505)\r\n	at org.apache.catalina.core.StandardHostValve.invoke(StandardHostValve.java:170)\r\n	at org.apache.catalina.valves.ErrorReportValve.invoke(ErrorReportValve.java:103)\r\n	at org.apache.catalina.valves.AccessLogValve.invoke(AccessLogValve.java:957)\r\n	at org.apache.catalina.core.StandardEngineValve.invoke(StandardEngineValve.java:116)\r\n	at org.apache.catalina.connector.CoyoteAdapter.service(CoyoteAdapter.java:423)\r\n	at org.apache.coyote.http11.AbstractHttp11Processor.process(AbstractHttp11Processor.java:1079)\r\n	at org.apache.coyote.AbstractProtocol$AbstractConnectionHandler.process(AbstractProtocol.java:620)\r\n	at org.apache.tomcat.util.net.AprEndpoint$SocketProcessor.doRun(AprEndpoint.java:2516)\r\n	at org.apache.tomcat.util.net.AprEndpoint$SocketProcessor.run(AprEndpoint.java:2505)\r\n	at java.util.concurrent.ThreadPoolExecutor.runWorker(ThreadPoolExecutor.java:1145)\r\n	at java.util.concurrent.ThreadPoolExecutor$Worker.run(ThreadPoolExecutor.java:615)\r\n	at org.apache.tomcat.util.threads.TaskThread$WrappingRunnable.run(TaskThread.java:61)\r\n	at java.lang.Thread.run(Thread.java:745)\r\nCaused by: java.sql.SQLException: sql injection violation, syntax error: syntax error, error in :\'eter twm\',expect IDENTIFIER, actual IDENTIFIER twm : select count(*) t_water_meter twm\r\n	at com.alibaba.druid.wall.WallFilter.check(WallFilter.java:724)\r\n	at com.alibaba.druid.wall.WallFilter.connection_prepareStatement(WallFilter.java:252)\r\n	at com.alibaba.druid.filter.FilterChainImpl.connection_prepareStatement(FilterChainImpl.java:448)\r\n	at com.alibaba.druid.filter.FilterAdapter.connection_prepareStatement(FilterAdapter.java:928)\r\n	at com.alibaba.druid.filter.FilterEventAdapter.connection_prepareStatement(FilterEventAdapter.java:122)\r\n	at com.alibaba.druid.filter.FilterChainImpl.connection_prepareStatement(FilterChainImpl.java:448)\r\n	at com.alibaba.druid.proxy.jdbc.ConnectionProxyImpl.prepareStatement(ConnectionProxyImpl.java:342)\r\n	at com.alibaba.druid.pool.DruidPooledConnection.prepareStatement(DruidPooledConnection.java:331)\r\n	at sun.reflect.GeneratedMethodAccessor21.invoke(Unknown Source)\r\n	at sun.reflect.DelegatingMethodAccessorImpl.invoke(DelegatingMethodAccessorImpl.java:43)\r\n	at java.lang.reflect.Method.invoke(Method.java:606)\r\n	at com.jfinal.plugin.activerecord.SqlReporter.invoke(SqlReporter.java:58)\r\n	at com.sun.proxy.$Proxy7.prepareStatement(Unknown Source)\r\n	at com.jfinal.plugin.activerecord.DbPro.query(DbPro.java:93)\r\n	at com.jfinal.plugin.activerecord.Db.query(Db.java:39)\r\n	at com.jfinal.plugin.activerecord.Model.doPaginate(Model.java:338)\r\n	at com.jfinal.plugin.activerecord.Model.paginate(Model.java:326)\r\n	at com.jfinal.plugin.activerecord.Model.paginate(Model.java:297)\r\n	... 34 more\r\nCaused by: com.alibaba.druid.sql.parser.ParserException: syntax error, error in :\'eter twm\',expect IDENTIFIER, actual IDENTIFIER twm\r\n	at com.alibaba.druid.sql.parser.SQLParser.printError(SQLParser.java:239)\r\n	at com.alibaba.druid.sql.parser.SQLStatementParser.parseStatementList(SQLStatementParser.java:416)\r\n	at com.alibaba.druid.sql.parser.SQLStatementParser.parseStatementList(SQLStatementParser.java:145)\r\n	at com.alibaba.druid.wall.WallProvider.checkInternal(WallProvider.java:620)\r\n	at com.alibaba.druid.wall.WallProvider.check(WallProvider.java:574)\r\n	at com.alibaba.druid.wall.WallFilter.check(WallFilter.java:711)\r\n	... 51 more\r\n', '-1', 'com.shangsc.platform.controller.basic.MeterController', 'getListData', '2017-08-21 23:29:32', '7', null);
INSERT INTO `sys_log` VALUES ('37587', '1', 'http://localhost/', '127.0.0.1', '/basic/well', null, '', '0', 'com.shangsc.platform.controller.basic.WellController', 'index', '2017-08-21 23:29:33', '0', null);
INSERT INTO `sys_log` VALUES ('37588', '1', 'http://localhost/basic/well', '127.0.0.1', '/basic/well/getListData', null, '', '0', 'com.shangsc.platform.controller.basic.WellController', 'getListData', '2017-08-21 23:29:33', '1', null);
INSERT INTO `sys_log` VALUES ('37589', '1', 'http://localhost/', '127.0.0.1', '/basic/waterindex', null, '', '0', 'com.shangsc.platform.controller.basic.WaterIndexController', 'index', '2017-08-21 23:29:34', '1', null);
INSERT INTO `sys_log` VALUES ('37590', '1', 'http://localhost/basic/waterindex', '127.0.0.1', '/basic/waterindex/getListData', null, '', '0', 'com.shangsc.platform.controller.basic.WaterIndexController', 'getListData', '2017-08-21 23:29:34', '2', null);
INSERT INTO `sys_log` VALUES ('37591', '1', 'http://localhost/', '127.0.0.1', '/basic/company', null, '', '0', 'com.shangsc.platform.controller.basic.CompanyController', 'index', '2017-08-21 23:33:05', '0', null);
INSERT INTO `sys_log` VALUES ('37592', '1', 'http://localhost/basic/company', '127.0.0.1', '/basic/company/getListData', null, '', '0', 'com.shangsc.platform.controller.basic.CompanyController', 'getListData', '2017-08-21 23:33:06', '3', null);
INSERT INTO `sys_log` VALUES ('37593', '1', 'http://localhost/', '127.0.0.1', '/sys/res', null, '', '0', 'com.shangsc.platform.controller.sys.ResController', 'index', '2017-08-21 23:33:54', '0', null);
INSERT INTO `sys_log` VALUES ('37594', '1', 'http://localhost/sys/res', '127.0.0.1', '/sys/res/getTreeGridView', null, '', '0', 'com.shangsc.platform.controller.sys.ResController', 'getTreeGridView', '2017-08-21 23:33:55', '29', null);
INSERT INTO `sys_log` VALUES ('37595', '1', 'http://localhost/', '127.0.0.1', '/basic/ad', null, '', '0', 'com.shangsc.platform.controller.basic.AdController', 'index', '2017-08-21 23:34:04', '1', null);
INSERT INTO `sys_log` VALUES ('37596', '1', 'http://localhost/basic/ad', '127.0.0.1', '/basic/ad/getListData', null, 'java.lang.NullPointerException\r\n	at com.shangsc.platform.core.model.BaseModel.getTableName(BaseModel.java:162)\r\n	at com.shangsc.platform.core.model.BaseModel.getPage(BaseModel.java:89)\r\n	at com.shangsc.platform.core.model.BaseModel.getPage(BaseModel.java:83)\r\n	at com.shangsc.platform.controller.basic.AdController.getListData(AdController.java:37)\r\n	at sun.reflect.NativeMethodAccessorImpl.invoke0(Native Method)\r\n	at sun.reflect.NativeMethodAccessorImpl.invoke(NativeMethodAccessorImpl.java:57)\r\n	at sun.reflect.DelegatingMethodAccessorImpl.invoke(DelegatingMethodAccessorImpl.java:43)\r\n	at java.lang.reflect.Method.invoke(Method.java:606)\r\n	at com.jfinal.aop.Invocation.invoke(Invocation.java:73)\r\n	at com.shangsc.platform.core.auth.interceptor.AuthorityInterceptor.intercept(AuthorityInterceptor.java:92)\r\n	at com.jfinal.aop.Invocation.invoke(Invocation.java:67)\r\n	at com.shangsc.platform.core.auth.interceptor.SysLogInterceptor.intercept(SysLogInterceptor.java:44)\r\n	at com.jfinal.aop.Invocation.invoke(Invocation.java:67)\r\n	at com.jfinal.core.ActionHandler.handle(ActionHandler.java:74)\r\n	at com.shangsc.platform.core.handler.ResourceHandler.handle(ResourceHandler.java:26)\r\n	at com.jfinal.plugin.druid.DruidStatViewHandler.handle(DruidStatViewHandler.java:75)\r\n	at com.jfinal.core.JFinalFilter.doFilter(JFinalFilter.java:74)\r\n	at org.apache.catalina.core.ApplicationFilterChain.internalDoFilter(ApplicationFilterChain.java:241)\r\n	at org.apache.catalina.core.ApplicationFilterChain.doFilter(ApplicationFilterChain.java:208)\r\n	at org.apache.catalina.core.StandardWrapperValve.invoke(StandardWrapperValve.java:220)\r\n	at org.apache.catalina.core.StandardContextValve.invoke(StandardContextValve.java:122)\r\n	at org.apache.catalina.authenticator.AuthenticatorBase.invoke(AuthenticatorBase.java:505)\r\n	at org.apache.catalina.core.StandardHostValve.invoke(StandardHostValve.java:170)\r\n	at org.apache.catalina.valves.ErrorReportValve.invoke(ErrorReportValve.java:103)\r\n	at org.apache.catalina.valves.AccessLogValve.invoke(AccessLogValve.java:957)\r\n	at org.apache.catalina.core.StandardEngineValve.invoke(StandardEngineValve.java:116)\r\n	at org.apache.catalina.connector.CoyoteAdapter.service(CoyoteAdapter.java:423)\r\n	at org.apache.coyote.http11.AbstractHttp11Processor.process(AbstractHttp11Processor.java:1079)\r\n	at org.apache.coyote.AbstractProtocol$AbstractConnectionHandler.process(AbstractProtocol.java:620)\r\n	at org.apache.tomcat.util.net.AprEndpoint$SocketProcessor.doRun(AprEndpoint.java:2516)\r\n	at org.apache.tomcat.util.net.AprEndpoint$SocketProcessor.run(AprEndpoint.java:2505)\r\n	at java.util.concurrent.ThreadPoolExecutor.runWorker(ThreadPoolExecutor.java:1145)\r\n	at java.util.concurrent.ThreadPoolExecutor$Worker.run(ThreadPoolExecutor.java:615)\r\n	at org.apache.tomcat.util.threads.TaskThread$WrappingRunnable.run(TaskThread.java:61)\r\n	at java.lang.Thread.run(Thread.java:745)\r\n', '-1', 'com.shangsc.platform.controller.basic.AdController', 'getListData', '2017-08-21 23:34:04', '5', null);
INSERT INTO `sys_log` VALUES ('37597', '1', 'http://localhost/', '127.0.0.1', '/sys/role', null, '', '0', 'com.shangsc.platform.controller.sys.RoleController', 'index', '2017-08-21 23:34:05', '0', null);
INSERT INTO `sys_log` VALUES ('37598', '1', 'http://localhost/sys/role', '127.0.0.1', '/sys/role/getListData', null, '', '0', 'com.shangsc.platform.controller.sys.RoleController', 'getListData', '2017-08-21 23:34:05', '3', null);
INSERT INTO `sys_log` VALUES ('37599', '1', 'http://localhost/', '127.0.0.1', '/sys/user', null, '', '0', 'com.shangsc.platform.controller.sys.UserController', 'index', '2017-08-21 23:34:06', '0', null);
INSERT INTO `sys_log` VALUES ('37600', '1', 'http://localhost/sys/user', '127.0.0.1', '/sys/user/getListData', null, '', '0', 'com.shangsc.platform.controller.sys.UserController', 'getListData', '2017-08-21 23:34:06', '35', null);
INSERT INTO `sys_log` VALUES ('37601', '1', 'http://localhost/', '127.0.0.1', '/dict', null, '', '0', 'com.shangsc.platform.controller.sys.DictController', 'index', '2017-08-21 23:34:16', '0', null);
INSERT INTO `sys_log` VALUES ('37602', '1', 'http://localhost/dict', '127.0.0.1', '/dict/getTypeListData', null, '', '0', 'com.shangsc.platform.controller.sys.DictController', 'getTypeListData', '2017-08-21 23:34:17', '3', null);
INSERT INTO `sys_log` VALUES ('37603', '1', 'http://localhost/', '127.0.0.1', '/basic/waterindex', null, '', '0', 'com.shangsc.platform.controller.basic.WaterIndexController', 'index', '2017-08-21 23:34:24', '0', null);
INSERT INTO `sys_log` VALUES ('37604', '1', 'http://localhost/basic/waterindex', '127.0.0.1', '/basic/waterindex/getListData', null, '', '0', 'com.shangsc.platform.controller.basic.WaterIndexController', 'getListData', '2017-08-21 23:34:24', '0', null);
INSERT INTO `sys_log` VALUES ('37605', '1', 'http://localhost/', '127.0.0.1', '/app', null, '', '0', 'com.shangsc.platform.controller.app.AppVersionController', 'index', '2017-08-21 23:34:27', '0', null);
INSERT INTO `sys_log` VALUES ('37606', '1', 'http://localhost/app', '127.0.0.1', '/app/getListData', null, '', '0', 'com.shangsc.platform.controller.app.AppVersionController', 'getListData', '2017-08-21 23:34:27', '2', null);
INSERT INTO `sys_log` VALUES ('37607', '1', 'http://localhost/', '127.0.0.1', '/sys/res', null, '', '0', 'com.shangsc.platform.controller.sys.ResController', 'index', '2017-08-21 23:37:26', '0', null);
INSERT INTO `sys_log` VALUES ('37608', '1', 'http://localhost/sys/res', '127.0.0.1', '/sys/res/getTreeGridView', null, '', '0', 'com.shangsc.platform.controller.sys.ResController', 'getTreeGridView', '2017-08-21 23:37:27', '30', null);
INSERT INTO `sys_log` VALUES ('37609', '1', 'http://localhost/', '127.0.0.1', '/sys/res', null, '', '0', 'com.shangsc.platform.controller.sys.ResController', 'index', '2017-08-21 23:42:21', '0', null);
INSERT INTO `sys_log` VALUES ('37610', '1', 'http://localhost/sys/res', '127.0.0.1', '/sys/res/getTreeGridView', null, '', '0', 'com.shangsc.platform.controller.sys.ResController', 'getTreeGridView', '2017-08-21 23:42:21', '28', null);
INSERT INTO `sys_log` VALUES ('37611', '1', 'http://localhost/', '127.0.0.1', '/sys/res', null, '', '0', 'com.shangsc.platform.controller.sys.ResController', 'index', '2017-08-21 23:42:45', '0', null);
INSERT INTO `sys_log` VALUES ('37612', '1', 'http://localhost/sys/res', '127.0.0.1', '/sys/res/getTreeGridView', null, '', '0', 'com.shangsc.platform.controller.sys.ResController', 'getTreeGridView', '2017-08-21 23:42:45', '22', null);
INSERT INTO `sys_log` VALUES ('37613', null, 'http://localhost/login', '127.0.0.1', '/image/getCode', null, '', '0', 'com.shangsc.platform.controller.ImageController', 'getCode', '2017-08-21 23:43:33', '301', null);
INSERT INTO `sys_log` VALUES ('37614', '1', 'http://localhost/', '127.0.0.1', '/statis/readnum', null, '', '0', 'com.shangsc.platform.controller.statis.ReadnumStatisController', 'index', '2017-08-21 23:43:46', '1', null);
INSERT INTO `sys_log` VALUES ('37615', '1', 'http://localhost/statis/readnum', '127.0.0.1', '/basic/company/getListData', null, '', '0', 'com.shangsc.platform.controller.basic.CompanyController', 'getListData', '2017-08-21 23:43:46', '6', null);
INSERT INTO `sys_log` VALUES ('37616', '1', 'http://localhost/', '127.0.0.1', '/statis/month', null, '', '0', 'com.shangsc.platform.controller.statis.MonthStatisController', 'index', '2017-08-21 23:43:48', '0', null);
INSERT INTO `sys_log` VALUES ('37617', '1', 'http://localhost/statis/month', '127.0.0.1', '/basic/company/getListData', null, '', '0', 'com.shangsc.platform.controller.basic.CompanyController', 'getListData', '2017-08-21 23:43:48', '3', null);
INSERT INTO `sys_log` VALUES ('37618', '1', 'http://localhost/', '127.0.0.1', '/statis/year', null, '', '0', 'com.shangsc.platform.controller.statis.YearStatisController', 'index', '2017-08-21 23:43:49', '0', null);
INSERT INTO `sys_log` VALUES ('37619', '1', 'http://localhost/statis/year', '127.0.0.1', '/basic/company/getListData', null, '', '0', 'com.shangsc.platform.controller.basic.CompanyController', 'getListData', '2017-08-21 23:43:49', '3', null);
INSERT INTO `sys_log` VALUES ('37620', '1', 'http://localhost/', '127.0.0.1', '/statis/daily', null, '', '0', 'com.shangsc.platform.controller.statis.DailyStatisController', 'index', '2017-08-21 23:43:50', '0', null);
INSERT INTO `sys_log` VALUES ('37621', '1', 'http://localhost/statis/daily', '127.0.0.1', '/basic/company/getListData', null, '', '0', 'com.shangsc.platform.controller.basic.CompanyController', 'getListData', '2017-08-21 23:43:50', '5', null);
INSERT INTO `sys_log` VALUES ('37622', '1', 'http://localhost/', '127.0.0.1', '/statis/daily', null, '', '0', 'com.shangsc.platform.controller.statis.DailyStatisController', 'index', '2017-08-21 23:44:30', '0', null);
INSERT INTO `sys_log` VALUES ('37623', '1', 'http://localhost/statis/daily', '127.0.0.1', '/basic/company/getListData', null, '', '0', 'com.shangsc.platform.controller.basic.CompanyController', 'getListData', '2017-08-21 23:44:30', '2', null);
INSERT INTO `sys_log` VALUES ('37624', '1', 'http://localhost/', '127.0.0.1', '/statis/daily', null, '', '0', 'com.shangsc.platform.controller.statis.DailyStatisController', 'index', '2017-08-21 23:45:45', '0', null);
INSERT INTO `sys_log` VALUES ('37625', '1', 'http://localhost/statis/daily', '127.0.0.1', '/basic/company/getListData', null, '', '0', 'com.shangsc.platform.controller.basic.CompanyController', 'getListData', '2017-08-21 23:45:45', '6', null);
INSERT INTO `sys_log` VALUES ('37626', '1', 'http://localhost/', '127.0.0.1', '/statis/month', null, '', '0', 'com.shangsc.platform.controller.statis.MonthStatisController', 'index', '2017-08-21 23:45:48', '0', null);
INSERT INTO `sys_log` VALUES ('37627', '1', 'http://localhost/statis/month', '127.0.0.1', '/basic/company/getListData', null, '', '0', 'com.shangsc.platform.controller.basic.CompanyController', 'getListData', '2017-08-21 23:45:48', '6', null);
INSERT INTO `sys_log` VALUES ('37628', '1', 'http://localhost/', '127.0.0.1', '/statis/year', null, '', '0', 'com.shangsc.platform.controller.statis.YearStatisController', 'index', '2017-08-21 23:45:49', '0', null);
INSERT INTO `sys_log` VALUES ('37629', '1', 'http://localhost/statis/year', '127.0.0.1', '/basic/company/getListData', null, '', '0', 'com.shangsc.platform.controller.basic.CompanyController', 'getListData', '2017-08-21 23:45:49', '2', null);
INSERT INTO `sys_log` VALUES ('37630', '1', 'http://localhost/', '127.0.0.1', '/statis/readnum', null, '', '0', 'com.shangsc.platform.controller.statis.ReadnumStatisController', 'index', '2017-08-21 23:45:50', '0', null);
INSERT INTO `sys_log` VALUES ('37631', '1', 'http://localhost/statis/readnum', '127.0.0.1', '/basic/company/getListData', null, '', '0', 'com.shangsc.platform.controller.basic.CompanyController', 'getListData', '2017-08-21 23:45:50', '5', null);
INSERT INTO `sys_log` VALUES ('37632', '1', 'http://localhost/', '127.0.0.1', '/basic/company', null, '', '0', 'com.shangsc.platform.controller.basic.CompanyController', 'index', '2017-08-21 23:45:54', '0', null);
INSERT INTO `sys_log` VALUES ('37633', '1', 'http://localhost/basic/company', '127.0.0.1', '/basic/company/getListData', null, '', '0', 'com.shangsc.platform.controller.basic.CompanyController', 'getListData', '2017-08-21 23:45:55', '2', null);
INSERT INTO `sys_log` VALUES ('37634', '1', 'http://localhost/', '127.0.0.1', '/basic/meter', null, '', '0', 'com.shangsc.platform.controller.basic.MeterController', 'index', '2017-08-21 23:45:56', '0', null);
INSERT INTO `sys_log` VALUES ('37635', '1', 'http://localhost/basic/meter', '127.0.0.1', '/basic/meter/getListData', null, 'com.jfinal.plugin.activerecord.ActiveRecordException: java.sql.SQLException: sql injection violation, syntax error: syntax error, error in :\'eter twm\',expect IDENTIFIER, actual IDENTIFIER twm : select count(*) t_water_meter twm\r\n	at com.jfinal.plugin.activerecord.Model.paginate(Model.java:299)\r\n	at com.jfinal.plugin.activerecord.Model.paginate(Model.java:373)\r\n	at com.shangsc.platform.model.WaterMeter.getWaterMeterPage(WaterMeter.java:23)\r\n	at com.shangsc.platform.controller.basic.MeterController.getListData(MeterController.java:26)\r\n	at sun.reflect.NativeMethodAccessorImpl.invoke0(Native Method)\r\n	at sun.reflect.NativeMethodAccessorImpl.invoke(NativeMethodAccessorImpl.java:57)\r\n	at sun.reflect.DelegatingMethodAccessorImpl.invoke(DelegatingMethodAccessorImpl.java:43)\r\n	at java.lang.reflect.Method.invoke(Method.java:606)\r\n	at com.jfinal.aop.Invocation.invoke(Invocation.java:73)\r\n	at com.shangsc.platform.core.auth.interceptor.AuthorityInterceptor.intercept(AuthorityInterceptor.java:92)\r\n	at com.jfinal.aop.Invocation.invoke(Invocation.java:67)\r\n	at com.shangsc.platform.core.auth.interceptor.SysLogInterceptor.intercept(SysLogInterceptor.java:44)\r\n	at com.jfinal.aop.Invocation.invoke(Invocation.java:67)\r\n	at com.jfinal.core.ActionHandler.handle(ActionHandler.java:74)\r\n	at com.shangsc.platform.core.handler.ResourceHandler.handle(ResourceHandler.java:26)\r\n	at com.jfinal.plugin.druid.DruidStatViewHandler.handle(DruidStatViewHandler.java:75)\r\n	at com.jfinal.core.JFinalFilter.doFilter(JFinalFilter.java:74)\r\n	at org.apache.catalina.core.ApplicationFilterChain.internalDoFilter(ApplicationFilterChain.java:241)\r\n	at org.apache.catalina.core.ApplicationFilterChain.doFilter(ApplicationFilterChain.java:208)\r\n	at org.apache.catalina.core.StandardWrapperValve.invoke(StandardWrapperValve.java:220)\r\n	at org.apache.catalina.core.StandardContextValve.invoke(StandardContextValve.java:122)\r\n	at org.apache.catalina.authenticator.AuthenticatorBase.invoke(AuthenticatorBase.java:505)\r\n	at org.apache.catalina.core.StandardHostValve.invoke(StandardHostValve.java:170)\r\n	at org.apache.catalina.valves.ErrorReportValve.invoke(ErrorReportValve.java:103)\r\n	at org.apache.catalina.valves.AccessLogValve.invoke(AccessLogValve.java:957)\r\n	at org.apache.catalina.core.StandardEngineValve.invoke(StandardEngineValve.java:116)\r\n	at org.apache.catalina.connector.CoyoteAdapter.service(CoyoteAdapter.java:423)\r\n	at org.apache.coyote.http11.AbstractHttp11Processor.process(AbstractHttp11Processor.java:1079)\r\n	at org.apache.coyote.AbstractProtocol$AbstractConnectionHandler.process(AbstractProtocol.java:620)\r\n	at org.apache.tomcat.util.net.AprEndpoint$SocketProcessor.doRun(AprEndpoint.java:2516)\r\n	at org.apache.tomcat.util.net.AprEndpoint$SocketProcessor.run(AprEndpoint.java:2505)\r\n	at java.util.concurrent.ThreadPoolExecutor.runWorker(ThreadPoolExecutor.java:1145)\r\n	at java.util.concurrent.ThreadPoolExecutor$Worker.run(ThreadPoolExecutor.java:615)\r\n	at org.apache.tomcat.util.threads.TaskThread$WrappingRunnable.run(TaskThread.java:61)\r\n	at java.lang.Thread.run(Thread.java:745)\r\nCaused by: java.sql.SQLException: sql injection violation, syntax error: syntax error, error in :\'eter twm\',expect IDENTIFIER, actual IDENTIFIER twm : select count(*) t_water_meter twm\r\n	at com.alibaba.druid.wall.WallFilter.check(WallFilter.java:724)\r\n	at com.alibaba.druid.wall.WallFilter.connection_prepareStatement(WallFilter.java:252)\r\n	at com.alibaba.druid.filter.FilterChainImpl.connection_prepareStatement(FilterChainImpl.java:448)\r\n	at com.alibaba.druid.filter.FilterAdapter.connection_prepareStatement(FilterAdapter.java:928)\r\n	at com.alibaba.druid.filter.FilterEventAdapter.connection_prepareStatement(FilterEventAdapter.java:122)\r\n	at com.alibaba.druid.filter.FilterChainImpl.connection_prepareStatement(FilterChainImpl.java:448)\r\n	at com.alibaba.druid.proxy.jdbc.ConnectionProxyImpl.prepareStatement(ConnectionProxyImpl.java:342)\r\n	at com.alibaba.druid.pool.DruidPooledConnection.prepareStatement(DruidPooledConnection.java:331)\r\n	at sun.reflect.GeneratedMethodAccessor21.invoke(Unknown Source)\r\n	at sun.reflect.DelegatingMethodAccessorImpl.invoke(DelegatingMethodAccessorImpl.java:43)\r\n	at java.lang.reflect.Method.invoke(Method.java:606)\r\n	at com.jfinal.plugin.activerecord.SqlReporter.invoke(SqlReporter.java:58)\r\n	at com.sun.proxy.$Proxy7.prepareStatement(Unknown Source)\r\n	at com.jfinal.plugin.activerecord.DbPro.query(DbPro.java:93)\r\n	at com.jfinal.plugin.activerecord.Db.query(Db.java:39)\r\n	at com.jfinal.plugin.activerecord.Model.doPaginate(Model.java:338)\r\n	at com.jfinal.plugin.activerecord.Model.paginate(Model.java:326)\r\n	at com.jfinal.plugin.activerecord.Model.paginate(Model.java:297)\r\n	... 34 more\r\nCaused by: com.alibaba.druid.sql.parser.ParserException: syntax error, error in :\'eter twm\',expect IDENTIFIER, actual IDENTIFIER twm\r\n	at com.alibaba.druid.sql.parser.SQLParser.printError(SQLParser.java:239)\r\n	at com.alibaba.druid.sql.parser.SQLStatementParser.parseStatementList(SQLStatementParser.java:416)\r\n	at com.alibaba.druid.sql.parser.SQLStatementParser.parseStatementList(SQLStatementParser.java:145)\r\n	at com.alibaba.druid.wall.WallProvider.checkInternal(WallProvider.java:620)\r\n	at com.alibaba.druid.wall.WallProvider.check(WallProvider.java:574)\r\n	at com.alibaba.druid.wall.WallFilter.check(WallFilter.java:711)\r\n	... 51 more\r\n', '-1', 'com.shangsc.platform.controller.basic.MeterController', 'getListData', '2017-08-21 23:45:56', '6', null);
INSERT INTO `sys_log` VALUES ('37636', '1', 'http://localhost/', '127.0.0.1', '/basic/meter/add', null, '', '0', 'com.shangsc.platform.controller.basic.MeterController', 'add', '2017-08-21 23:45:58', '0', null);
INSERT INTO `sys_log` VALUES ('37637', '1', 'http://localhost/basic/meter/add', '127.0.0.1', '/basic/meter/save', null, '', '0', 'com.shangsc.platform.controller.basic.MeterController', 'save', '2017-08-21 23:46:10', '3377', null);
INSERT INTO `sys_log` VALUES ('37638', '1', 'http://localhost/', '127.0.0.1', '/basic/well', null, '', '0', 'com.shangsc.platform.controller.basic.WellController', 'index', '2017-08-21 23:46:39', '0', null);
INSERT INTO `sys_log` VALUES ('37639', '1', 'http://localhost/basic/well', '127.0.0.1', '/basic/well/getListData', null, '', '0', 'com.shangsc.platform.controller.basic.WellController', 'getListData', '2017-08-21 23:46:39', '2', null);
INSERT INTO `sys_log` VALUES ('37640', '1', 'http://localhost/', '127.0.0.1', '/basic/meter', null, '', '0', 'com.shangsc.platform.controller.basic.MeterController', 'index', '2017-08-21 23:46:47', '1', null);
INSERT INTO `sys_log` VALUES ('37641', '1', 'http://localhost/basic/meter', '127.0.0.1', '/basic/meter/getListData', null, 'com.jfinal.plugin.activerecord.ActiveRecordException: java.sql.SQLException: sql injection violation, syntax error: syntax error, error in :\'eter twm\',expect IDENTIFIER, actual IDENTIFIER twm : select count(*) t_water_meter twm\r\n	at com.jfinal.plugin.activerecord.Model.paginate(Model.java:299)\r\n	at com.jfinal.plugin.activerecord.Model.paginate(Model.java:373)\r\n	at com.shangsc.platform.model.WaterMeter.getWaterMeterPage(WaterMeter.java:23)\r\n	at com.shangsc.platform.controller.basic.MeterController.getListData(MeterController.java:26)\r\n	at sun.reflect.NativeMethodAccessorImpl.invoke0(Native Method)\r\n	at sun.reflect.NativeMethodAccessorImpl.invoke(NativeMethodAccessorImpl.java:57)\r\n	at sun.reflect.DelegatingMethodAccessorImpl.invoke(DelegatingMethodAccessorImpl.java:43)\r\n	at java.lang.reflect.Method.invoke(Method.java:606)\r\n	at com.jfinal.aop.Invocation.invoke(Invocation.java:73)\r\n	at com.shangsc.platform.core.auth.interceptor.AuthorityInterceptor.intercept(AuthorityInterceptor.java:92)\r\n	at com.jfinal.aop.Invocation.invoke(Invocation.java:67)\r\n	at com.shangsc.platform.core.auth.interceptor.SysLogInterceptor.intercept(SysLogInterceptor.java:44)\r\n	at com.jfinal.aop.Invocation.invoke(Invocation.java:67)\r\n	at com.jfinal.core.ActionHandler.handle(ActionHandler.java:74)\r\n	at com.shangsc.platform.core.handler.ResourceHandler.handle(ResourceHandler.java:26)\r\n	at com.jfinal.plugin.druid.DruidStatViewHandler.handle(DruidStatViewHandler.java:75)\r\n	at com.jfinal.core.JFinalFilter.doFilter(JFinalFilter.java:74)\r\n	at org.apache.catalina.core.ApplicationFilterChain.internalDoFilter(ApplicationFilterChain.java:241)\r\n	at org.apache.catalina.core.ApplicationFilterChain.doFilter(ApplicationFilterChain.java:208)\r\n	at org.apache.catalina.core.StandardWrapperValve.invoke(StandardWrapperValve.java:220)\r\n	at org.apache.catalina.core.StandardContextValve.invoke(StandardContextValve.java:122)\r\n	at org.apache.catalina.authenticator.AuthenticatorBase.invoke(AuthenticatorBase.java:505)\r\n	at org.apache.catalina.core.StandardHostValve.invoke(StandardHostValve.java:170)\r\n	at org.apache.catalina.valves.ErrorReportValve.invoke(ErrorReportValve.java:103)\r\n	at org.apache.catalina.valves.AccessLogValve.invoke(AccessLogValve.java:957)\r\n	at org.apache.catalina.core.StandardEngineValve.invoke(StandardEngineValve.java:116)\r\n	at org.apache.catalina.connector.CoyoteAdapter.service(CoyoteAdapter.java:423)\r\n	at org.apache.coyote.http11.AbstractHttp11Processor.process(AbstractHttp11Processor.java:1079)\r\n	at org.apache.coyote.AbstractProtocol$AbstractConnectionHandler.process(AbstractProtocol.java:620)\r\n	at org.apache.tomcat.util.net.AprEndpoint$SocketProcessor.doRun(AprEndpoint.java:2516)\r\n	at org.apache.tomcat.util.net.AprEndpoint$SocketProcessor.run(AprEndpoint.java:2505)\r\n	at java.util.concurrent.ThreadPoolExecutor.runWorker(ThreadPoolExecutor.java:1145)\r\n	at java.util.concurrent.ThreadPoolExecutor$Worker.run(ThreadPoolExecutor.java:615)\r\n	at org.apache.tomcat.util.threads.TaskThread$WrappingRunnable.run(TaskThread.java:61)\r\n	at java.lang.Thread.run(Thread.java:745)\r\nCaused by: java.sql.SQLException: sql injection violation, syntax error: syntax error, error in :\'eter twm\',expect IDENTIFIER, actual IDENTIFIER twm : select count(*) t_water_meter twm\r\n	at com.alibaba.druid.wall.WallFilter.check(WallFilter.java:724)\r\n	at com.alibaba.druid.wall.WallFilter.connection_prepareStatement(WallFilter.java:252)\r\n	at com.alibaba.druid.filter.FilterChainImpl.connection_prepareStatement(FilterChainImpl.java:448)\r\n	at com.alibaba.druid.filter.FilterAdapter.connection_prepareStatement(FilterAdapter.java:928)\r\n	at com.alibaba.druid.filter.FilterEventAdapter.connection_prepareStatement(FilterEventAdapter.java:122)\r\n	at com.alibaba.druid.filter.FilterChainImpl.connection_prepareStatement(FilterChainImpl.java:448)\r\n	at com.alibaba.druid.proxy.jdbc.ConnectionProxyImpl.prepareStatement(ConnectionProxyImpl.java:342)\r\n	at com.alibaba.druid.pool.DruidPooledConnection.prepareStatement(DruidPooledConnection.java:331)\r\n	at sun.reflect.GeneratedMethodAccessor21.invoke(Unknown Source)\r\n	at sun.reflect.DelegatingMethodAccessorImpl.invoke(DelegatingMethodAccessorImpl.java:43)\r\n	at java.lang.reflect.Method.invoke(Method.java:606)\r\n	at com.jfinal.plugin.activerecord.SqlReporter.invoke(SqlReporter.java:58)\r\n	at com.sun.proxy.$Proxy7.prepareStatement(Unknown Source)\r\n	at com.jfinal.plugin.activerecord.DbPro.query(DbPro.java:93)\r\n	at com.jfinal.plugin.activerecord.Db.query(Db.java:39)\r\n	at com.jfinal.plugin.activerecord.Model.doPaginate(Model.java:338)\r\n	at com.jfinal.plugin.activerecord.Model.paginate(Model.java:326)\r\n	at com.jfinal.plugin.activerecord.Model.paginate(Model.java:297)\r\n	... 34 more\r\nCaused by: com.alibaba.druid.sql.parser.ParserException: syntax error, error in :\'eter twm\',expect IDENTIFIER, actual IDENTIFIER twm\r\n	at com.alibaba.druid.sql.parser.SQLParser.printError(SQLParser.java:239)\r\n	at com.alibaba.druid.sql.parser.SQLStatementParser.parseStatementList(SQLStatementParser.java:416)\r\n	at com.alibaba.druid.sql.parser.SQLStatementParser.parseStatementList(SQLStatementParser.java:145)\r\n	at com.alibaba.druid.wall.WallProvider.checkInternal(WallProvider.java:620)\r\n	at com.alibaba.druid.wall.WallProvider.check(WallProvider.java:574)\r\n	at com.alibaba.druid.wall.WallFilter.check(WallFilter.java:711)\r\n	... 51 more\r\n', '-1', 'com.shangsc.platform.controller.basic.MeterController', 'getListData', '2017-08-21 23:46:48', '1', null);
INSERT INTO `sys_log` VALUES ('37642', '1', 'http://localhost/', '127.0.0.1', '/basic/company', null, '', '0', 'com.shangsc.platform.controller.basic.CompanyController', 'index', '2017-08-21 23:47:01', '0', null);
INSERT INTO `sys_log` VALUES ('37643', '1', 'http://localhost/basic/company', '127.0.0.1', '/basic/company/getListData', null, '', '0', 'com.shangsc.platform.controller.basic.CompanyController', 'getListData', '2017-08-21 23:47:01', '2', null);
INSERT INTO `sys_log` VALUES ('37644', '1', 'http://localhost/', '127.0.0.1', '/basic/company/add', null, '', '0', 'com.shangsc.platform.controller.basic.CompanyController', 'add', '2017-08-21 23:47:02', '0', null);
INSERT INTO `sys_log` VALUES ('37645', '1', 'http://localhost/basic/company/add', '127.0.0.1', '/basic/company/save', null, 'com.jfinal.plugin.activerecord.ActiveRecordException: com.mysql.jdbc.MysqlDataTruncation: Data truncation: Out of range value for column \'customer_type\' at row 1\r\n	at com.jfinal.plugin.activerecord.Model.save(Model.java:424)\r\n	at com.shangsc.platform.model.Company.save(Company.java:56)\r\n	at com.shangsc.platform.controller.basic.CompanyController.save(CompanyController.java:67)\r\n	at sun.reflect.NativeMethodAccessorImpl.invoke0(Native Method)\r\n	at sun.reflect.NativeMethodAccessorImpl.invoke(NativeMethodAccessorImpl.java:57)\r\n	at sun.reflect.DelegatingMethodAccessorImpl.invoke(DelegatingMethodAccessorImpl.java:43)\r\n	at java.lang.reflect.Method.invoke(Method.java:606)\r\n	at com.jfinal.aop.Invocation.invoke(Invocation.java:73)\r\n	at com.shangsc.platform.core.auth.interceptor.AuthorityInterceptor.intercept(AuthorityInterceptor.java:92)\r\n	at com.jfinal.aop.Invocation.invoke(Invocation.java:67)\r\n	at com.shangsc.platform.core.auth.interceptor.SysLogInterceptor.intercept(SysLogInterceptor.java:44)\r\n	at com.jfinal.aop.Invocation.invoke(Invocation.java:67)\r\n	at com.jfinal.core.ActionHandler.handle(ActionHandler.java:74)\r\n	at com.shangsc.platform.core.handler.ResourceHandler.handle(ResourceHandler.java:26)\r\n	at com.jfinal.plugin.druid.DruidStatViewHandler.handle(DruidStatViewHandler.java:75)\r\n	at com.jfinal.core.JFinalFilter.doFilter(JFinalFilter.java:74)\r\n	at org.apache.catalina.core.ApplicationFilterChain.internalDoFilter(ApplicationFilterChain.java:241)\r\n	at org.apache.catalina.core.ApplicationFilterChain.doFilter(ApplicationFilterChain.java:208)\r\n	at org.apache.catalina.core.StandardWrapperValve.invoke(StandardWrapperValve.java:220)\r\n	at org.apache.catalina.core.StandardContextValve.invoke(StandardContextValve.java:122)\r\n	at org.apache.catalina.authenticator.AuthenticatorBase.invoke(AuthenticatorBase.java:505)\r\n	at org.apache.catalina.core.StandardHostValve.invoke(StandardHostValve.java:170)\r\n	at org.apache.catalina.valves.ErrorReportValve.invoke(ErrorReportValve.java:103)\r\n	at org.apache.catalina.valves.AccessLogValve.invoke(AccessLogValve.java:957)\r\n	at org.apache.catalina.core.StandardEngineValve.invoke(StandardEngineValve.java:116)\r\n	at org.apache.catalina.connector.CoyoteAdapter.service(CoyoteAdapter.java:423)\r\n	at org.apache.coyote.http11.AbstractHttp11Processor.process(AbstractHttp11Processor.java:1079)\r\n	at org.apache.coyote.AbstractProtocol$AbstractConnectionHandler.process(AbstractProtocol.java:620)\r\n	at org.apache.tomcat.util.net.AprEndpoint$SocketProcessor.doRun(AprEndpoint.java:2516)\r\n	at org.apache.tomcat.util.net.AprEndpoint$SocketProcessor.run(AprEndpoint.java:2505)\r\n	at java.util.concurrent.ThreadPoolExecutor.runWorker(ThreadPoolExecutor.java:1145)\r\n	at java.util.concurrent.ThreadPoolExecutor$Worker.run(ThreadPoolExecutor.java:615)\r\n	at org.apache.tomcat.util.threads.TaskThread$WrappingRunnable.run(TaskThread.java:61)\r\n	at java.lang.Thread.run(Thread.java:745)\r\nCaused by: com.mysql.jdbc.MysqlDataTruncation: Data truncation: Out of range value for column \'customer_type\' at row 1\r\n	at com.mysql.jdbc.MysqlIO.checkErrorPacket(MysqlIO.java:4094)\r\n	at com.mysql.jdbc.MysqlIO.checkErrorPacket(MysqlIO.java:4028)\r\n	at com.mysql.jdbc.MysqlIO.sendCommand(MysqlIO.java:2490)\r\n	at com.mysql.jdbc.MysqlIO.sqlQueryDirect(MysqlIO.java:2651)\r\n	at com.mysql.jdbc.ConnectionImpl.execSQL(ConnectionImpl.java:2734)\r\n	at com.mysql.jdbc.PreparedStatement.executeInternal(PreparedStatement.java:2155)\r\n	at com.mysql.jdbc.PreparedStatement.executeUpdate(PreparedStatement.java:2458)\r\n	at com.mysql.jdbc.PreparedStatement.executeUpdate(PreparedStatement.java:2375)\r\n	at com.mysql.jdbc.PreparedStatement.executeUpdate(PreparedStatement.java:2359)\r\n	at com.alibaba.druid.filter.FilterChainImpl.preparedStatement_executeUpdate(FilterChainImpl.java:2723)\r\n	at com.alibaba.druid.wall.WallFilter.preparedStatement_executeUpdate(WallFilter.java:633)\r\n	at com.alibaba.druid.filter.FilterChainImpl.preparedStatement_executeUpdate(FilterChainImpl.java:2721)\r\n	at com.alibaba.druid.filter.FilterAdapter.preparedStatement_executeUpdate(FilterAdapter.java:1069)\r\n	at com.alibaba.druid.filter.FilterEventAdapter.preparedStatement_executeUpdate(FilterEventAdapter.java:491)\r\n	at com.alibaba.druid.filter.FilterChainImpl.preparedStatement_executeUpdate(FilterChainImpl.java:2721)\r\n	at com.alibaba.druid.proxy.jdbc.PreparedStatementProxyImpl.executeUpdate(PreparedStatementProxyImpl.java:158)\r\n	at com.alibaba.druid.pool.DruidPooledPreparedStatement.executeUpdate(DruidPooledPreparedStatement.java:253)\r\n	at com.jfinal.plugin.activerecord.Model.save(Model.java:419)\r\n	... 33 more\r\n', '-1', 'com.shangsc.platform.controller.basic.CompanyController', 'save', '2017-08-21 23:47:15', '2404', null);
INSERT INTO `sys_log` VALUES ('37646', '1', 'http://localhost/', '127.0.0.1', '/basic/company', null, '', '0', 'com.shangsc.platform.controller.basic.CompanyController', 'index', '2017-08-21 23:47:31', '0', null);
INSERT INTO `sys_log` VALUES ('37647', '1', 'http://localhost/basic/company', '127.0.0.1', '/basic/company/getListData', null, '', '0', 'com.shangsc.platform.controller.basic.CompanyController', 'getListData', '2017-08-21 23:47:31', '2', null);
INSERT INTO `sys_log` VALUES ('37648', '1', 'http://localhost/', '127.0.0.1', '/basic/company/add', null, '', '0', 'com.shangsc.platform.controller.basic.CompanyController', 'add', '2017-08-21 23:56:34', '14', null);
INSERT INTO `sys_log` VALUES ('37649', '1', 'http://localhost/basic/company/add', '127.0.0.1', '/basic/company/save', null, 'com.jfinal.plugin.activerecord.ActiveRecordException: com.mysql.jdbc.MysqlDataTruncation: Data truncation: Out of range value for column \'customer_type\' at row 1\r\n	at com.jfinal.plugin.activerecord.Model.save(Model.java:424)\r\n	at com.shangsc.platform.model.Company.save(Company.java:56)\r\n	at com.shangsc.platform.controller.basic.CompanyController.save(CompanyController.java:67)\r\n	at sun.reflect.NativeMethodAccessorImpl.invoke0(Native Method)\r\n	at sun.reflect.NativeMethodAccessorImpl.invoke(NativeMethodAccessorImpl.java:57)\r\n	at sun.reflect.DelegatingMethodAccessorImpl.invoke(DelegatingMethodAccessorImpl.java:43)\r\n	at java.lang.reflect.Method.invoke(Method.java:606)\r\n	at com.jfinal.aop.Invocation.invoke(Invocation.java:73)\r\n	at com.shangsc.platform.core.auth.interceptor.AuthorityInterceptor.intercept(AuthorityInterceptor.java:92)\r\n	at com.jfinal.aop.Invocation.invoke(Invocation.java:67)\r\n	at com.shangsc.platform.core.auth.interceptor.SysLogInterceptor.intercept(SysLogInterceptor.java:44)\r\n	at com.jfinal.aop.Invocation.invoke(Invocation.java:67)\r\n	at com.jfinal.core.ActionHandler.handle(ActionHandler.java:74)\r\n	at com.shangsc.platform.core.handler.ResourceHandler.handle(ResourceHandler.java:26)\r\n	at com.jfinal.plugin.druid.DruidStatViewHandler.handle(DruidStatViewHandler.java:75)\r\n	at com.jfinal.core.JFinalFilter.doFilter(JFinalFilter.java:74)\r\n	at org.apache.catalina.core.ApplicationFilterChain.internalDoFilter(ApplicationFilterChain.java:241)\r\n	at org.apache.catalina.core.ApplicationFilterChain.doFilter(ApplicationFilterChain.java:208)\r\n	at org.apache.catalina.core.StandardWrapperValve.invoke(StandardWrapperValve.java:220)\r\n	at org.apache.catalina.core.StandardContextValve.invoke(StandardContextValve.java:122)\r\n	at org.apache.catalina.authenticator.AuthenticatorBase.invoke(AuthenticatorBase.java:505)\r\n	at org.apache.catalina.core.StandardHostValve.invoke(StandardHostValve.java:170)\r\n	at org.apache.catalina.valves.ErrorReportValve.invoke(ErrorReportValve.java:103)\r\n	at org.apache.catalina.valves.AccessLogValve.invoke(AccessLogValve.java:957)\r\n	at org.apache.catalina.core.StandardEngineValve.invoke(StandardEngineValve.java:116)\r\n	at org.apache.catalina.connector.CoyoteAdapter.service(CoyoteAdapter.java:423)\r\n	at org.apache.coyote.http11.AbstractHttp11Processor.process(AbstractHttp11Processor.java:1079)\r\n	at org.apache.coyote.AbstractProtocol$AbstractConnectionHandler.process(AbstractProtocol.java:620)\r\n	at org.apache.tomcat.util.net.AprEndpoint$SocketProcessor.doRun(AprEndpoint.java:2516)\r\n	at org.apache.tomcat.util.net.AprEndpoint$SocketProcessor.run(AprEndpoint.java:2505)\r\n	at java.util.concurrent.ThreadPoolExecutor.runWorker(ThreadPoolExecutor.java:1145)\r\n	at java.util.concurrent.ThreadPoolExecutor$Worker.run(ThreadPoolExecutor.java:615)\r\n	at org.apache.tomcat.util.threads.TaskThread$WrappingRunnable.run(TaskThread.java:61)\r\n	at java.lang.Thread.run(Thread.java:745)\r\nCaused by: com.mysql.jdbc.MysqlDataTruncation: Data truncation: Out of range value for column \'customer_type\' at row 1\r\n	at com.mysql.jdbc.MysqlIO.checkErrorPacket(MysqlIO.java:4094)\r\n	at com.mysql.jdbc.MysqlIO.checkErrorPacket(MysqlIO.java:4028)\r\n	at com.mysql.jdbc.MysqlIO.sendCommand(MysqlIO.java:2490)\r\n	at com.mysql.jdbc.MysqlIO.sqlQueryDirect(MysqlIO.java:2651)\r\n	at com.mysql.jdbc.ConnectionImpl.execSQL(ConnectionImpl.java:2734)\r\n	at com.mysql.jdbc.PreparedStatement.executeInternal(PreparedStatement.java:2155)\r\n	at com.mysql.jdbc.PreparedStatement.executeUpdate(PreparedStatement.java:2458)\r\n	at com.mysql.jdbc.PreparedStatement.executeUpdate(PreparedStatement.java:2375)\r\n	at com.mysql.jdbc.PreparedStatement.executeUpdate(PreparedStatement.java:2359)\r\n	at com.alibaba.druid.filter.FilterChainImpl.preparedStatement_executeUpdate(FilterChainImpl.java:2723)\r\n	at com.alibaba.druid.wall.WallFilter.preparedStatement_executeUpdate(WallFilter.java:633)\r\n	at com.alibaba.druid.filter.FilterChainImpl.preparedStatement_executeUpdate(FilterChainImpl.java:2721)\r\n	at com.alibaba.druid.filter.FilterAdapter.preparedStatement_executeUpdate(FilterAdapter.java:1069)\r\n	at com.alibaba.druid.filter.FilterEventAdapter.preparedStatement_executeUpdate(FilterEventAdapter.java:491)\r\n	at com.alibaba.druid.filter.FilterChainImpl.preparedStatement_executeUpdate(FilterChainImpl.java:2721)\r\n	at com.alibaba.druid.proxy.jdbc.PreparedStatementProxyImpl.executeUpdate(PreparedStatementProxyImpl.java:158)\r\n	at com.alibaba.druid.pool.DruidPooledPreparedStatement.executeUpdate(DruidPooledPreparedStatement.java:253)\r\n	at com.jfinal.plugin.activerecord.Model.save(Model.java:419)\r\n	... 33 more\r\n', '-1', 'com.shangsc.platform.controller.basic.CompanyController', 'save', '2017-08-21 23:56:49', '2', null);
INSERT INTO `sys_log` VALUES ('37650', '1', 'http://localhost/', '127.0.0.1', '/basic/company', null, '', '0', 'com.shangsc.platform.controller.basic.CompanyController', 'index', '2017-08-21 23:58:06', '0', null);
INSERT INTO `sys_log` VALUES ('37651', '1', 'http://localhost/basic/company', '127.0.0.1', '/basic/company/getListData', null, '', '0', 'com.shangsc.platform.controller.basic.CompanyController', 'getListData', '2017-08-21 23:58:07', '2', null);
INSERT INTO `sys_log` VALUES ('37652', '1', 'http://localhost/', '127.0.0.1', '/basic/meter', null, '', '0', 'com.shangsc.platform.controller.basic.MeterController', 'index', '2017-08-21 23:58:16', '0', null);
INSERT INTO `sys_log` VALUES ('37653', '1', 'http://localhost/basic/meter', '127.0.0.1', '/basic/meter/getListData', null, 'com.jfinal.plugin.activerecord.ActiveRecordException: java.sql.SQLException: sql injection violation, syntax error: syntax error, error in :\'eter twm\',expect IDENTIFIER, actual IDENTIFIER twm : select count(*) t_water_meter twm\r\n	at com.jfinal.plugin.activerecord.Model.paginate(Model.java:299)\r\n	at com.jfinal.plugin.activerecord.Model.paginate(Model.java:373)\r\n	at com.shangsc.platform.model.WaterMeter.getWaterMeterPage(WaterMeter.java:23)\r\n	at com.shangsc.platform.controller.basic.MeterController.getListData(MeterController.java:26)\r\n	at sun.reflect.NativeMethodAccessorImpl.invoke0(Native Method)\r\n	at sun.reflect.NativeMethodAccessorImpl.invoke(NativeMethodAccessorImpl.java:57)\r\n	at sun.reflect.DelegatingMethodAccessorImpl.invoke(DelegatingMethodAccessorImpl.java:43)\r\n	at java.lang.reflect.Method.invoke(Method.java:606)\r\n	at com.jfinal.aop.Invocation.invoke(Invocation.java:73)\r\n	at com.shangsc.platform.core.auth.interceptor.AuthorityInterceptor.intercept(AuthorityInterceptor.java:92)\r\n	at com.jfinal.aop.Invocation.invoke(Invocation.java:67)\r\n	at com.shangsc.platform.core.auth.interceptor.SysLogInterceptor.intercept(SysLogInterceptor.java:44)\r\n	at com.jfinal.aop.Invocation.invoke(Invocation.java:67)\r\n	at com.jfinal.core.ActionHandler.handle(ActionHandler.java:74)\r\n	at com.shangsc.platform.core.handler.ResourceHandler.handle(ResourceHandler.java:26)\r\n	at com.jfinal.plugin.druid.DruidStatViewHandler.handle(DruidStatViewHandler.java:75)\r\n	at com.jfinal.core.JFinalFilter.doFilter(JFinalFilter.java:74)\r\n	at org.apache.catalina.core.ApplicationFilterChain.internalDoFilter(ApplicationFilterChain.java:241)\r\n	at org.apache.catalina.core.ApplicationFilterChain.doFilter(ApplicationFilterChain.java:208)\r\n	at org.apache.catalina.core.StandardWrapperValve.invoke(StandardWrapperValve.java:220)\r\n	at org.apache.catalina.core.StandardContextValve.invoke(StandardContextValve.java:122)\r\n	at org.apache.catalina.authenticator.AuthenticatorBase.invoke(AuthenticatorBase.java:505)\r\n	at org.apache.catalina.core.StandardHostValve.invoke(StandardHostValve.java:170)\r\n	at org.apache.catalina.valves.ErrorReportValve.invoke(ErrorReportValve.java:103)\r\n	at org.apache.catalina.valves.AccessLogValve.invoke(AccessLogValve.java:957)\r\n	at org.apache.catalina.core.StandardEngineValve.invoke(StandardEngineValve.java:116)\r\n	at org.apache.catalina.connector.CoyoteAdapter.service(CoyoteAdapter.java:423)\r\n	at org.apache.coyote.http11.AbstractHttp11Processor.process(AbstractHttp11Processor.java:1079)\r\n	at org.apache.coyote.AbstractProtocol$AbstractConnectionHandler.process(AbstractProtocol.java:620)\r\n	at org.apache.tomcat.util.net.AprEndpoint$SocketProcessor.doRun(AprEndpoint.java:2516)\r\n	at org.apache.tomcat.util.net.AprEndpoint$SocketProcessor.run(AprEndpoint.java:2505)\r\n	at java.util.concurrent.ThreadPoolExecutor.runWorker(ThreadPoolExecutor.java:1145)\r\n	at java.util.concurrent.ThreadPoolExecutor$Worker.run(ThreadPoolExecutor.java:615)\r\n	at org.apache.tomcat.util.threads.TaskThread$WrappingRunnable.run(TaskThread.java:61)\r\n	at java.lang.Thread.run(Thread.java:745)\r\nCaused by: java.sql.SQLException: sql injection violation, syntax error: syntax error, error in :\'eter twm\',expect IDENTIFIER, actual IDENTIFIER twm : select count(*) t_water_meter twm\r\n	at com.alibaba.druid.wall.WallFilter.check(WallFilter.java:724)\r\n	at com.alibaba.druid.wall.WallFilter.connection_prepareStatement(WallFilter.java:252)\r\n	at com.alibaba.druid.filter.FilterChainImpl.connection_prepareStatement(FilterChainImpl.java:448)\r\n	at com.alibaba.druid.filter.FilterAdapter.connection_prepareStatement(FilterAdapter.java:928)\r\n	at com.alibaba.druid.filter.FilterEventAdapter.connection_prepareStatement(FilterEventAdapter.java:122)\r\n	at com.alibaba.druid.filter.FilterChainImpl.connection_prepareStatement(FilterChainImpl.java:448)\r\n	at com.alibaba.druid.proxy.jdbc.ConnectionProxyImpl.prepareStatement(ConnectionProxyImpl.java:342)\r\n	at com.alibaba.druid.pool.DruidPooledConnection.prepareStatement(DruidPooledConnection.java:331)\r\n	at sun.reflect.GeneratedMethodAccessor21.invoke(Unknown Source)\r\n	at sun.reflect.DelegatingMethodAccessorImpl.invoke(DelegatingMethodAccessorImpl.java:43)\r\n	at java.lang.reflect.Method.invoke(Method.java:606)\r\n	at com.jfinal.plugin.activerecord.SqlReporter.invoke(SqlReporter.java:58)\r\n	at com.sun.proxy.$Proxy7.prepareStatement(Unknown Source)\r\n	at com.jfinal.plugin.activerecord.DbPro.query(DbPro.java:93)\r\n	at com.jfinal.plugin.activerecord.Db.query(Db.java:39)\r\n	at com.jfinal.plugin.activerecord.Model.doPaginate(Model.java:338)\r\n	at com.jfinal.plugin.activerecord.Model.paginate(Model.java:326)\r\n	at com.jfinal.plugin.activerecord.Model.paginate(Model.java:297)\r\n	... 34 more\r\nCaused by: com.alibaba.druid.sql.parser.ParserException: syntax error, error in :\'eter twm\',expect IDENTIFIER, actual IDENTIFIER twm\r\n	at com.alibaba.druid.sql.parser.SQLParser.printError(SQLParser.java:239)\r\n	at com.alibaba.druid.sql.parser.SQLStatementParser.parseStatementList(SQLStatementParser.java:416)\r\n	at com.alibaba.druid.sql.parser.SQLStatementParser.parseStatementList(SQLStatementParser.java:145)\r\n	at com.alibaba.druid.wall.WallProvider.checkInternal(WallProvider.java:620)\r\n	at com.alibaba.druid.wall.WallProvider.check(WallProvider.java:574)\r\n	at com.alibaba.druid.wall.WallFilter.check(WallFilter.java:711)\r\n	... 51 more\r\n', '-1', 'com.shangsc.platform.controller.basic.MeterController', 'getListData', '2017-08-21 23:58:16', '1', null);
INSERT INTO `sys_log` VALUES ('37654', '1', 'http://localhost/', '127.0.0.1', '/basic/meter/add', null, '', '0', 'com.shangsc.platform.controller.basic.MeterController', 'add', '2017-08-21 23:58:18', '0', null);
INSERT INTO `sys_log` VALUES ('37655', '1', 'http://localhost/', '127.0.0.1', '/basic/well', null, '', '0', 'com.shangsc.platform.controller.basic.WellController', 'index', '2017-08-21 23:58:21', '1', null);
INSERT INTO `sys_log` VALUES ('37656', '1', 'http://localhost/basic/well', '127.0.0.1', '/basic/well/getListData', null, '', '0', 'com.shangsc.platform.controller.basic.WellController', 'getListData', '2017-08-21 23:58:22', '1', null);
INSERT INTO `sys_log` VALUES ('37657', '1', 'http://localhost/', '127.0.0.1', '/basic/well', null, '', '0', 'com.shangsc.platform.controller.basic.WellController', 'index', '2017-08-22 00:00:08', '0', null);
INSERT INTO `sys_log` VALUES ('37658', '1', 'http://localhost/basic/well', '127.0.0.1', '/basic/well/getListData', null, '', '0', 'com.shangsc.platform.controller.basic.WellController', 'getListData', '2017-08-22 00:00:09', '2', null);
INSERT INTO `sys_log` VALUES ('37659', '1', 'http://localhost/', '127.0.0.1', '/basic/waterindex', null, '', '0', 'com.shangsc.platform.controller.basic.WaterIndexController', 'index', '2017-08-22 00:04:44', '0', null);
INSERT INTO `sys_log` VALUES ('37660', '1', 'http://localhost/basic/waterindex', '127.0.0.1', '/basic/waterindex/getListData', null, '', '0', 'com.shangsc.platform.controller.basic.WaterIndexController', 'getListData', '2017-08-22 00:04:44', '3', null);
INSERT INTO `sys_log` VALUES ('37661', '1', 'http://localhost/', '127.0.0.1', '/basic/well', null, '', '0', 'com.shangsc.platform.controller.basic.WellController', 'index', '2017-08-22 00:04:49', '0', null);
INSERT INTO `sys_log` VALUES ('37662', '1', 'http://localhost/basic/well', '127.0.0.1', '/basic/well/getListData', null, '', '0', 'com.shangsc.platform.controller.basic.WellController', 'getListData', '2017-08-22 00:04:49', '1', null);
INSERT INTO `sys_log` VALUES ('37663', '1', 'http://localhost/', '127.0.0.1', '/basic/well', null, '', '0', 'com.shangsc.platform.controller.basic.WellController', 'index', '2017-08-22 00:05:23', '0', null);
INSERT INTO `sys_log` VALUES ('37664', '1', 'http://localhost/basic/well', '127.0.0.1', '/basic/well/getListData', null, '', '0', 'com.shangsc.platform.controller.basic.WellController', 'getListData', '2017-08-22 00:05:23', '3', null);
INSERT INTO `sys_log` VALUES ('37665', '1', 'http://localhost/', '127.0.0.1', '/statis/readnum', null, '', '0', 'com.shangsc.platform.controller.statis.ReadnumStatisController', 'index', '2017-08-22 00:05:38', '1', null);
INSERT INTO `sys_log` VALUES ('37666', '1', 'http://localhost/statis/readnum', '127.0.0.1', '/basic/company/getListData', null, '', '0', 'com.shangsc.platform.controller.basic.CompanyController', 'getListData', '2017-08-22 00:05:38', '2', null);
INSERT INTO `sys_log` VALUES ('37667', '1', 'http://localhost/', '127.0.0.1', '/statis/daily', null, '', '0', 'com.shangsc.platform.controller.statis.DailyStatisController', 'index', '2017-08-22 00:05:39', '0', null);
INSERT INTO `sys_log` VALUES ('37668', '1', 'http://localhost/statis/daily', '127.0.0.1', '/basic/company/getListData', null, '', '0', 'com.shangsc.platform.controller.basic.CompanyController', 'getListData', '2017-08-22 00:05:39', '2', null);
INSERT INTO `sys_log` VALUES ('37669', '1', 'http://localhost/', '127.0.0.1', '/statis/month', null, '', '0', 'com.shangsc.platform.controller.statis.MonthStatisController', 'index', '2017-08-22 00:05:40', '1', null);
INSERT INTO `sys_log` VALUES ('37670', '1', 'http://localhost/statis/month', '127.0.0.1', '/basic/company/getListData', null, '', '0', 'com.shangsc.platform.controller.basic.CompanyController', 'getListData', '2017-08-22 00:05:40', '2', null);
INSERT INTO `sys_log` VALUES ('37671', '1', 'http://localhost/', '127.0.0.1', '/statis/year', null, '', '0', 'com.shangsc.platform.controller.statis.YearStatisController', 'index', '2017-08-22 00:05:40', '0', null);
INSERT INTO `sys_log` VALUES ('37672', '1', 'http://localhost/statis/year', '127.0.0.1', '/basic/company/getListData', null, '', '0', 'com.shangsc.platform.controller.basic.CompanyController', 'getListData', '2017-08-22 00:05:40', '2', null);
INSERT INTO `sys_log` VALUES ('37673', '1', 'http://localhost/', '127.0.0.1', '/basic/company', null, '', '0', 'com.shangsc.platform.controller.basic.CompanyController', 'index', '2017-08-22 00:05:55', '1', null);
INSERT INTO `sys_log` VALUES ('37674', '1', 'http://localhost/basic/company', '127.0.0.1', '/basic/company/getListData', null, '', '0', 'com.shangsc.platform.controller.basic.CompanyController', 'getListData', '2017-08-22 00:05:55', '2', null);
INSERT INTO `sys_log` VALUES ('37675', '1', 'http://localhost/', '127.0.0.1', '/basic/company/add', null, '', '0', 'com.shangsc.platform.controller.basic.CompanyController', 'add', '2017-08-22 00:05:56', '0', null);
INSERT INTO `sys_log` VALUES ('37676', '1', 'http://localhost/basic/company/add', '127.0.0.1', '/basic/company/save', null, '', '0', 'com.shangsc.platform.controller.basic.CompanyController', 'save', '2017-08-22 00:06:18', '4', null);
INSERT INTO `sys_log` VALUES ('37677', '1', 'http://localhost/basic/company', '127.0.0.1', '/basic/company/getListData', null, '', '0', 'com.shangsc.platform.controller.basic.CompanyController', 'getListData', '2017-08-22 00:06:18', '2', null);
INSERT INTO `sys_log` VALUES ('37678', '1', 'http://localhost/', '127.0.0.1', '/basic/meter', null, '', '0', 'com.shangsc.platform.controller.basic.MeterController', 'index', '2017-08-22 00:06:27', '0', null);
INSERT INTO `sys_log` VALUES ('37679', '1', 'http://localhost/basic/meter', '127.0.0.1', '/basic/meter/getListData', null, 'com.jfinal.plugin.activerecord.ActiveRecordException: java.sql.SQLException: sql injection violation, syntax error: syntax error, error in :\'eter twm\',expect IDENTIFIER, actual IDENTIFIER twm : select count(*) t_water_meter twm\r\n	at com.jfinal.plugin.activerecord.Model.paginate(Model.java:299)\r\n	at com.jfinal.plugin.activerecord.Model.paginate(Model.java:373)\r\n	at com.shangsc.platform.model.WaterMeter.getWaterMeterPage(WaterMeter.java:23)\r\n	at com.shangsc.platform.controller.basic.MeterController.getListData(MeterController.java:26)\r\n	at sun.reflect.NativeMethodAccessorImpl.invoke0(Native Method)\r\n	at sun.reflect.NativeMethodAccessorImpl.invoke(NativeMethodAccessorImpl.java:57)\r\n	at sun.reflect.DelegatingMethodAccessorImpl.invoke(DelegatingMethodAccessorImpl.java:43)\r\n	at java.lang.reflect.Method.invoke(Method.java:606)\r\n	at com.jfinal.aop.Invocation.invoke(Invocation.java:73)\r\n	at com.shangsc.platform.core.auth.interceptor.AuthorityInterceptor.intercept(AuthorityInterceptor.java:92)\r\n	at com.jfinal.aop.Invocation.invoke(Invocation.java:67)\r\n	at com.shangsc.platform.core.auth.interceptor.SysLogInterceptor.intercept(SysLogInterceptor.java:44)\r\n	at com.jfinal.aop.Invocation.invoke(Invocation.java:67)\r\n	at com.jfinal.core.ActionHandler.handle(ActionHandler.java:74)\r\n	at com.shangsc.platform.core.handler.ResourceHandler.handle(ResourceHandler.java:26)\r\n	at com.jfinal.plugin.druid.DruidStatViewHandler.handle(DruidStatViewHandler.java:75)\r\n	at com.jfinal.core.JFinalFilter.doFilter(JFinalFilter.java:74)\r\n	at org.apache.catalina.core.ApplicationFilterChain.internalDoFilter(ApplicationFilterChain.java:241)\r\n	at org.apache.catalina.core.ApplicationFilterChain.doFilter(ApplicationFilterChain.java:208)\r\n	at org.apache.catalina.core.StandardWrapperValve.invoke(StandardWrapperValve.java:220)\r\n	at org.apache.catalina.core.StandardContextValve.invoke(StandardContextValve.java:122)\r\n	at org.apache.catalina.authenticator.AuthenticatorBase.invoke(AuthenticatorBase.java:505)\r\n	at org.apache.catalina.core.StandardHostValve.invoke(StandardHostValve.java:170)\r\n	at org.apache.catalina.valves.ErrorReportValve.invoke(ErrorReportValve.java:103)\r\n	at org.apache.catalina.valves.AccessLogValve.invoke(AccessLogValve.java:957)\r\n	at org.apache.catalina.core.StandardEngineValve.invoke(StandardEngineValve.java:116)\r\n	at org.apache.catalina.connector.CoyoteAdapter.service(CoyoteAdapter.java:423)\r\n	at org.apache.coyote.http11.AbstractHttp11Processor.process(AbstractHttp11Processor.java:1079)\r\n	at org.apache.coyote.AbstractProtocol$AbstractConnectionHandler.process(AbstractProtocol.java:620)\r\n	at org.apache.tomcat.util.net.AprEndpoint$SocketProcessor.doRun(AprEndpoint.java:2516)\r\n	at org.apache.tomcat.util.net.AprEndpoint$SocketProcessor.run(AprEndpoint.java:2505)\r\n	at java.util.concurrent.ThreadPoolExecutor.runWorker(ThreadPoolExecutor.java:1145)\r\n	at java.util.concurrent.ThreadPoolExecutor$Worker.run(ThreadPoolExecutor.java:615)\r\n	at org.apache.tomcat.util.threads.TaskThread$WrappingRunnable.run(TaskThread.java:61)\r\n	at java.lang.Thread.run(Thread.java:745)\r\nCaused by: java.sql.SQLException: sql injection violation, syntax error: syntax error, error in :\'eter twm\',expect IDENTIFIER, actual IDENTIFIER twm : select count(*) t_water_meter twm\r\n	at com.alibaba.druid.wall.WallFilter.check(WallFilter.java:724)\r\n	at com.alibaba.druid.wall.WallFilter.connection_prepareStatement(WallFilter.java:252)\r\n	at com.alibaba.druid.filter.FilterChainImpl.connection_prepareStatement(FilterChainImpl.java:448)\r\n	at com.alibaba.druid.filter.FilterAdapter.connection_prepareStatement(FilterAdapter.java:928)\r\n	at com.alibaba.druid.filter.FilterEventAdapter.connection_prepareStatement(FilterEventAdapter.java:122)\r\n	at com.alibaba.druid.filter.FilterChainImpl.connection_prepareStatement(FilterChainImpl.java:448)\r\n	at com.alibaba.druid.proxy.jdbc.ConnectionProxyImpl.prepareStatement(ConnectionProxyImpl.java:342)\r\n	at com.alibaba.druid.pool.DruidPooledConnection.prepareStatement(DruidPooledConnection.java:331)\r\n	at sun.reflect.GeneratedMethodAccessor21.invoke(Unknown Source)\r\n	at sun.reflect.DelegatingMethodAccessorImpl.invoke(DelegatingMethodAccessorImpl.java:43)\r\n	at java.lang.reflect.Method.invoke(Method.java:606)\r\n	at com.jfinal.plugin.activerecord.SqlReporter.invoke(SqlReporter.java:58)\r\n	at com.sun.proxy.$Proxy7.prepareStatement(Unknown Source)\r\n	at com.jfinal.plugin.activerecord.DbPro.query(DbPro.java:93)\r\n	at com.jfinal.plugin.activerecord.Db.query(Db.java:39)\r\n	at com.jfinal.plugin.activerecord.Model.doPaginate(Model.java:338)\r\n	at com.jfinal.plugin.activerecord.Model.paginate(Model.java:326)\r\n	at com.jfinal.plugin.activerecord.Model.paginate(Model.java:297)\r\n	... 34 more\r\nCaused by: com.alibaba.druid.sql.parser.ParserException: syntax error, error in :\'eter twm\',expect IDENTIFIER, actual IDENTIFIER twm\r\n	at com.alibaba.druid.sql.parser.SQLParser.printError(SQLParser.java:239)\r\n	at com.alibaba.druid.sql.parser.SQLStatementParser.parseStatementList(SQLStatementParser.java:416)\r\n	at com.alibaba.druid.sql.parser.SQLStatementParser.parseStatementList(SQLStatementParser.java:145)\r\n	at com.alibaba.druid.wall.WallProvider.checkInternal(WallProvider.java:620)\r\n	at com.alibaba.druid.wall.WallProvider.check(WallProvider.java:574)\r\n	at com.alibaba.druid.wall.WallFilter.check(WallFilter.java:711)\r\n	... 51 more\r\n', '-1', 'com.shangsc.platform.controller.basic.MeterController', 'getListData', '2017-08-22 00:06:28', '1', null);
INSERT INTO `sys_log` VALUES ('37680', '1', 'http://localhost/', '127.0.0.1', '/basic/meter/add', null, '', '0', 'com.shangsc.platform.controller.basic.MeterController', 'add', '2017-08-22 00:06:29', '0', null);
INSERT INTO `sys_log` VALUES ('37681', '1', 'http://localhost/basic/meter/add', '127.0.0.1', '/basic/meter/save', null, '', '0', 'com.shangsc.platform.controller.basic.MeterController', 'save', '2017-08-22 00:06:44', '7212', null);
INSERT INTO `sys_log` VALUES ('37682', '1', 'http://localhost/basic/meter/add', '127.0.0.1', '/basic/meter/save', null, '', '0', 'com.shangsc.platform.controller.basic.MeterController', 'save', '2017-08-22 00:06:59', '3173', null);
INSERT INTO `sys_log` VALUES ('37683', '1', 'http://localhost/basic/meter/add', '127.0.0.1', '/basic/meter/save', null, '', '0', 'com.shangsc.platform.controller.basic.MeterController', 'save', '2017-08-22 00:07:05', '1', null);
INSERT INTO `sys_log` VALUES ('37684', '1', 'http://localhost/basic/meter/add', '127.0.0.1', '/basic/meter/save', null, '', '0', 'com.shangsc.platform.controller.basic.MeterController', 'save', '2017-08-22 00:07:12', '2', null);
INSERT INTO `sys_log` VALUES ('37685', '1', 'http://localhost/basic/meter/add', '127.0.0.1', '/basic/meter/save', null, '', '0', 'com.shangsc.platform.controller.basic.MeterController', 'save', '2017-08-22 00:07:22', '1', null);
INSERT INTO `sys_log` VALUES ('37686', '1', 'http://localhost/', '127.0.0.1', '/basic/meter', null, '', '0', 'com.shangsc.platform.controller.basic.MeterController', 'index', '2017-08-22 00:10:00', '0', null);
INSERT INTO `sys_log` VALUES ('37687', '1', 'http://localhost/basic/meter', '127.0.0.1', '/basic/meter/getListData', null, 'com.jfinal.plugin.activerecord.ActiveRecordException: java.sql.SQLException: sql injection violation, syntax error: syntax error, error in :\'eter twm\',expect IDENTIFIER, actual IDENTIFIER twm : select count(*) t_water_meter twm\r\n	at com.jfinal.plugin.activerecord.Model.paginate(Model.java:299)\r\n	at com.jfinal.plugin.activerecord.Model.paginate(Model.java:373)\r\n	at com.shangsc.platform.model.WaterMeter.getWaterMeterPage(WaterMeter.java:23)\r\n	at com.shangsc.platform.controller.basic.MeterController.getListData(MeterController.java:26)\r\n	at sun.reflect.NativeMethodAccessorImpl.invoke0(Native Method)\r\n	at sun.reflect.NativeMethodAccessorImpl.invoke(NativeMethodAccessorImpl.java:57)\r\n	at sun.reflect.DelegatingMethodAccessorImpl.invoke(DelegatingMethodAccessorImpl.java:43)\r\n	at java.lang.reflect.Method.invoke(Method.java:606)\r\n	at com.jfinal.aop.Invocation.invoke(Invocation.java:73)\r\n	at com.shangsc.platform.core.auth.interceptor.AuthorityInterceptor.intercept(AuthorityInterceptor.java:92)\r\n	at com.jfinal.aop.Invocation.invoke(Invocation.java:67)\r\n	at com.shangsc.platform.core.auth.interceptor.SysLogInterceptor.intercept(SysLogInterceptor.java:44)\r\n	at com.jfinal.aop.Invocation.invoke(Invocation.java:67)\r\n	at com.jfinal.core.ActionHandler.handle(ActionHandler.java:74)\r\n	at com.shangsc.platform.core.handler.ResourceHandler.handle(ResourceHandler.java:26)\r\n	at com.jfinal.plugin.druid.DruidStatViewHandler.handle(DruidStatViewHandler.java:75)\r\n	at com.jfinal.core.JFinalFilter.doFilter(JFinalFilter.java:74)\r\n	at org.apache.catalina.core.ApplicationFilterChain.internalDoFilter(ApplicationFilterChain.java:241)\r\n	at org.apache.catalina.core.ApplicationFilterChain.doFilter(ApplicationFilterChain.java:208)\r\n	at org.apache.catalina.core.StandardWrapperValve.invoke(StandardWrapperValve.java:220)\r\n	at org.apache.catalina.core.StandardContextValve.invoke(StandardContextValve.java:122)\r\n	at org.apache.catalina.authenticator.AuthenticatorBase.invoke(AuthenticatorBase.java:505)\r\n	at org.apache.catalina.core.StandardHostValve.invoke(StandardHostValve.java:170)\r\n	at org.apache.catalina.valves.ErrorReportValve.invoke(ErrorReportValve.java:103)\r\n	at org.apache.catalina.valves.AccessLogValve.invoke(AccessLogValve.java:957)\r\n	at org.apache.catalina.core.StandardEngineValve.invoke(StandardEngineValve.java:116)\r\n	at org.apache.catalina.connector.CoyoteAdapter.service(CoyoteAdapter.java:423)\r\n	at org.apache.coyote.http11.AbstractHttp11Processor.process(AbstractHttp11Processor.java:1079)\r\n	at org.apache.coyote.AbstractProtocol$AbstractConnectionHandler.process(AbstractProtocol.java:620)\r\n	at org.apache.tomcat.util.net.AprEndpoint$SocketProcessor.doRun(AprEndpoint.java:2516)\r\n	at org.apache.tomcat.util.net.AprEndpoint$SocketProcessor.run(AprEndpoint.java:2505)\r\n	at java.util.concurrent.ThreadPoolExecutor.runWorker(ThreadPoolExecutor.java:1145)\r\n	at java.util.concurrent.ThreadPoolExecutor$Worker.run(ThreadPoolExecutor.java:615)\r\n	at org.apache.tomcat.util.threads.TaskThread$WrappingRunnable.run(TaskThread.java:61)\r\n	at java.lang.Thread.run(Thread.java:745)\r\nCaused by: java.sql.SQLException: sql injection violation, syntax error: syntax error, error in :\'eter twm\',expect IDENTIFIER, actual IDENTIFIER twm : select count(*) t_water_meter twm\r\n	at com.alibaba.druid.wall.WallFilter.check(WallFilter.java:724)\r\n	at com.alibaba.druid.wall.WallFilter.connection_prepareStatement(WallFilter.java:252)\r\n	at com.alibaba.druid.filter.FilterChainImpl.connection_prepareStatement(FilterChainImpl.java:448)\r\n	at com.alibaba.druid.filter.FilterAdapter.connection_prepareStatement(FilterAdapter.java:928)\r\n	at com.alibaba.druid.filter.FilterEventAdapter.connection_prepareStatement(FilterEventAdapter.java:122)\r\n	at com.alibaba.druid.filter.FilterChainImpl.connection_prepareStatement(FilterChainImpl.java:448)\r\n	at com.alibaba.druid.proxy.jdbc.ConnectionProxyImpl.prepareStatement(ConnectionProxyImpl.java:342)\r\n	at com.alibaba.druid.pool.DruidPooledConnection.prepareStatement(DruidPooledConnection.java:331)\r\n	at sun.reflect.GeneratedMethodAccessor21.invoke(Unknown Source)\r\n	at sun.reflect.DelegatingMethodAccessorImpl.invoke(DelegatingMethodAccessorImpl.java:43)\r\n	at java.lang.reflect.Method.invoke(Method.java:606)\r\n	at com.jfinal.plugin.activerecord.SqlReporter.invoke(SqlReporter.java:58)\r\n	at com.sun.proxy.$Proxy7.prepareStatement(Unknown Source)\r\n	at com.jfinal.plugin.activerecord.DbPro.query(DbPro.java:93)\r\n	at com.jfinal.plugin.activerecord.Db.query(Db.java:39)\r\n	at com.jfinal.plugin.activerecord.Model.doPaginate(Model.java:338)\r\n	at com.jfinal.plugin.activerecord.Model.paginate(Model.java:326)\r\n	at com.jfinal.plugin.activerecord.Model.paginate(Model.java:297)\r\n	... 34 more\r\nCaused by: com.alibaba.druid.sql.parser.ParserException: syntax error, error in :\'eter twm\',expect IDENTIFIER, actual IDENTIFIER twm\r\n	at com.alibaba.druid.sql.parser.SQLParser.printError(SQLParser.java:239)\r\n	at com.alibaba.druid.sql.parser.SQLStatementParser.parseStatementList(SQLStatementParser.java:416)\r\n	at com.alibaba.druid.sql.parser.SQLStatementParser.parseStatementList(SQLStatementParser.java:145)\r\n	at com.alibaba.druid.wall.WallProvider.checkInternal(WallProvider.java:620)\r\n	at com.alibaba.druid.wall.WallProvider.check(WallProvider.java:574)\r\n	at com.alibaba.druid.wall.WallFilter.check(WallFilter.java:711)\r\n	... 51 more\r\n', '-1', 'com.shangsc.platform.controller.basic.MeterController', 'getListData', '2017-08-22 00:10:00', '1', null);
INSERT INTO `sys_log` VALUES ('37688', '1', 'http://localhost/', '127.0.0.1', '/basic/meter', null, '', '0', 'com.shangsc.platform.controller.basic.MeterController', 'index', '2017-08-22 00:13:25', '0', null);
INSERT INTO `sys_log` VALUES ('37689', '1', 'http://localhost/basic/meter', '127.0.0.1', '/basic/meter/getListData', null, 'com.jfinal.plugin.activerecord.ActiveRecordException: java.sql.SQLException: sql injection violation, syntax error: syntax error, error in :\'eter twm\',expect IDENTIFIER, actual IDENTIFIER twm : select count(*) t_water_meter twm\r\n	at com.jfinal.plugin.activerecord.Model.paginate(Model.java:299)\r\n	at com.jfinal.plugin.activerecord.Model.paginate(Model.java:373)\r\n	at com.shangsc.platform.model.WaterMeter.getWaterMeterPage(WaterMeter.java:23)\r\n	at com.shangsc.platform.controller.basic.MeterController.getListData(MeterController.java:26)\r\n	at sun.reflect.NativeMethodAccessorImpl.invoke0(Native Method)\r\n	at sun.reflect.NativeMethodAccessorImpl.invoke(NativeMethodAccessorImpl.java:57)\r\n	at sun.reflect.DelegatingMethodAccessorImpl.invoke(DelegatingMethodAccessorImpl.java:43)\r\n	at java.lang.reflect.Method.invoke(Method.java:606)\r\n	at com.jfinal.aop.Invocation.invoke(Invocation.java:73)\r\n	at com.shangsc.platform.core.auth.interceptor.AuthorityInterceptor.intercept(AuthorityInterceptor.java:92)\r\n	at com.jfinal.aop.Invocation.invoke(Invocation.java:67)\r\n	at com.shangsc.platform.core.auth.interceptor.SysLogInterceptor.intercept(SysLogInterceptor.java:44)\r\n	at com.jfinal.aop.Invocation.invoke(Invocation.java:67)\r\n	at com.jfinal.core.ActionHandler.handle(ActionHandler.java:74)\r\n	at com.shangsc.platform.core.handler.ResourceHandler.handle(ResourceHandler.java:26)\r\n	at com.jfinal.plugin.druid.DruidStatViewHandler.handle(DruidStatViewHandler.java:75)\r\n	at com.jfinal.core.JFinalFilter.doFilter(JFinalFilter.java:74)\r\n	at org.apache.catalina.core.ApplicationFilterChain.internalDoFilter(ApplicationFilterChain.java:241)\r\n	at org.apache.catalina.core.ApplicationFilterChain.doFilter(ApplicationFilterChain.java:208)\r\n	at org.apache.catalina.core.StandardWrapperValve.invoke(StandardWrapperValve.java:220)\r\n	at org.apache.catalina.core.StandardContextValve.invoke(StandardContextValve.java:122)\r\n	at org.apache.catalina.authenticator.AuthenticatorBase.invoke(AuthenticatorBase.java:505)\r\n	at org.apache.catalina.core.StandardHostValve.invoke(StandardHostValve.java:170)\r\n	at org.apache.catalina.valves.ErrorReportValve.invoke(ErrorReportValve.java:103)\r\n	at org.apache.catalina.valves.AccessLogValve.invoke(AccessLogValve.java:957)\r\n	at org.apache.catalina.core.StandardEngineValve.invoke(StandardEngineValve.java:116)\r\n	at org.apache.catalina.connector.CoyoteAdapter.service(CoyoteAdapter.java:423)\r\n	at org.apache.coyote.http11.AbstractHttp11Processor.process(AbstractHttp11Processor.java:1079)\r\n	at org.apache.coyote.AbstractProtocol$AbstractConnectionHandler.process(AbstractProtocol.java:620)\r\n	at org.apache.tomcat.util.net.AprEndpoint$SocketProcessor.doRun(AprEndpoint.java:2516)\r\n	at org.apache.tomcat.util.net.AprEndpoint$SocketProcessor.run(AprEndpoint.java:2505)\r\n	at java.util.concurrent.ThreadPoolExecutor.runWorker(ThreadPoolExecutor.java:1145)\r\n	at java.util.concurrent.ThreadPoolExecutor$Worker.run(ThreadPoolExecutor.java:615)\r\n	at org.apache.tomcat.util.threads.TaskThread$WrappingRunnable.run(TaskThread.java:61)\r\n	at java.lang.Thread.run(Thread.java:745)\r\nCaused by: java.sql.SQLException: sql injection violation, syntax error: syntax error, error in :\'eter twm\',expect IDENTIFIER, actual IDENTIFIER twm : select count(*) t_water_meter twm\r\n	at com.alibaba.druid.wall.WallFilter.check(WallFilter.java:724)\r\n	at com.alibaba.druid.wall.WallFilter.connection_prepareStatement(WallFilter.java:252)\r\n	at com.alibaba.druid.filter.FilterChainImpl.connection_prepareStatement(FilterChainImpl.java:448)\r\n	at com.alibaba.druid.filter.FilterAdapter.connection_prepareStatement(FilterAdapter.java:928)\r\n	at com.alibaba.druid.filter.FilterEventAdapter.connection_prepareStatement(FilterEventAdapter.java:122)\r\n	at com.alibaba.druid.filter.FilterChainImpl.connection_prepareStatement(FilterChainImpl.java:448)\r\n	at com.alibaba.druid.proxy.jdbc.ConnectionProxyImpl.prepareStatement(ConnectionProxyImpl.java:342)\r\n	at com.alibaba.druid.pool.DruidPooledConnection.prepareStatement(DruidPooledConnection.java:331)\r\n	at sun.reflect.GeneratedMethodAccessor21.invoke(Unknown Source)\r\n	at sun.reflect.DelegatingMethodAccessorImpl.invoke(DelegatingMethodAccessorImpl.java:43)\r\n	at java.lang.reflect.Method.invoke(Method.java:606)\r\n	at com.jfinal.plugin.activerecord.SqlReporter.invoke(SqlReporter.java:58)\r\n	at com.sun.proxy.$Proxy7.prepareStatement(Unknown Source)\r\n	at com.jfinal.plugin.activerecord.DbPro.query(DbPro.java:93)\r\n	at com.jfinal.plugin.activerecord.Db.query(Db.java:39)\r\n	at com.jfinal.plugin.activerecord.Model.doPaginate(Model.java:338)\r\n	at com.jfinal.plugin.activerecord.Model.paginate(Model.java:326)\r\n	at com.jfinal.plugin.activerecord.Model.paginate(Model.java:297)\r\n	... 34 more\r\nCaused by: com.alibaba.druid.sql.parser.ParserException: syntax error, error in :\'eter twm\',expect IDENTIFIER, actual IDENTIFIER twm\r\n	at com.alibaba.druid.sql.parser.SQLParser.printError(SQLParser.java:239)\r\n	at com.alibaba.druid.sql.parser.SQLStatementParser.parseStatementList(SQLStatementParser.java:416)\r\n	at com.alibaba.druid.sql.parser.SQLStatementParser.parseStatementList(SQLStatementParser.java:145)\r\n	at com.alibaba.druid.wall.WallProvider.checkInternal(WallProvider.java:620)\r\n	at com.alibaba.druid.wall.WallProvider.check(WallProvider.java:574)\r\n	at com.alibaba.druid.wall.WallFilter.check(WallFilter.java:711)\r\n	... 51 more\r\n', '-1', 'com.shangsc.platform.controller.basic.MeterController', 'getListData', '2017-08-22 00:13:25', '11782', null);
INSERT INTO `sys_log` VALUES ('37690', '1', 'http://localhost/', '127.0.0.1', '/basic/meter', null, '', '0', 'com.shangsc.platform.controller.basic.MeterController', 'index', '2017-08-22 00:16:43', '0', null);
INSERT INTO `sys_log` VALUES ('37691', '1', 'http://localhost/basic/meter', '127.0.0.1', '/basic/meter/getListData', null, '', '0', 'com.shangsc.platform.controller.basic.MeterController', 'getListData', '2017-08-22 00:16:43', '5853', null);
INSERT INTO `sys_log` VALUES ('37692', '1', 'http://localhost/', '127.0.0.1', '/basic/well', null, '', '0', 'com.shangsc.platform.controller.basic.WellController', 'index', '2017-08-22 00:17:11', '1', null);
INSERT INTO `sys_log` VALUES ('37693', '1', 'http://localhost/basic/well', '127.0.0.1', '/basic/well/getListData', null, '', '0', 'com.shangsc.platform.controller.basic.WellController', 'getListData', '2017-08-22 00:17:12', '1', null);
INSERT INTO `sys_log` VALUES ('37694', '1', 'http://localhost/', '127.0.0.1', '/basic/well/add', null, '', '0', 'com.shangsc.platform.controller.basic.WellController', 'add', '2017-08-22 00:17:13', '0', null);
INSERT INTO `sys_log` VALUES ('37695', '1', 'http://localhost/basic/well/add', '127.0.0.1', '/basic/well/save', null, 'java.lang.NullPointerException\r\n	at sun.misc.FloatingDecimal.readJavaFormatString(FloatingDecimal.java:1017)\r\n	at java.lang.Double.parseDouble(Double.java:540)\r\n	at com.shangsc.platform.util.CodeNumUtil.getBigDecimal(CodeNumUtil.java:17)\r\n	at com.shangsc.platform.controller.basic.WellController.save(WellController.java:63)\r\n	at sun.reflect.NativeMethodAccessorImpl.invoke0(Native Method)\r\n	at sun.reflect.NativeMethodAccessorImpl.invoke(NativeMethodAccessorImpl.java:57)\r\n	at sun.reflect.DelegatingMethodAccessorImpl.invoke(DelegatingMethodAccessorImpl.java:43)\r\n	at java.lang.reflect.Method.invoke(Method.java:606)\r\n	at com.jfinal.aop.Invocation.invoke(Invocation.java:73)\r\n	at com.shangsc.platform.core.auth.interceptor.AuthorityInterceptor.intercept(AuthorityInterceptor.java:92)\r\n	at com.jfinal.aop.Invocation.invoke(Invocation.java:67)\r\n	at com.shangsc.platform.core.auth.interceptor.SysLogInterceptor.intercept(SysLogInterceptor.java:44)\r\n	at com.jfinal.aop.Invocation.invoke(Invocation.java:67)\r\n	at com.jfinal.core.ActionHandler.handle(ActionHandler.java:74)\r\n	at com.shangsc.platform.core.handler.ResourceHandler.handle(ResourceHandler.java:26)\r\n	at com.jfinal.plugin.druid.DruidStatViewHandler.handle(DruidStatViewHandler.java:75)\r\n	at com.jfinal.core.JFinalFilter.doFilter(JFinalFilter.java:74)\r\n	at org.apache.catalina.core.ApplicationFilterChain.internalDoFilter(ApplicationFilterChain.java:241)\r\n	at org.apache.catalina.core.ApplicationFilterChain.doFilter(ApplicationFilterChain.java:208)\r\n	at org.apache.catalina.core.StandardWrapperValve.invoke(StandardWrapperValve.java:220)\r\n	at org.apache.catalina.core.StandardContextValve.invoke(StandardContextValve.java:122)\r\n	at org.apache.catalina.authenticator.AuthenticatorBase.invoke(AuthenticatorBase.java:505)\r\n	at org.apache.catalina.core.StandardHostValve.invoke(StandardHostValve.java:170)\r\n	at org.apache.catalina.valves.ErrorReportValve.invoke(ErrorReportValve.java:103)\r\n	at org.apache.catalina.valves.AccessLogValve.invoke(AccessLogValve.java:957)\r\n	at org.apache.catalina.core.StandardEngineValve.invoke(StandardEngineValve.java:116)\r\n	at org.apache.catalina.connector.CoyoteAdapter.service(CoyoteAdapter.java:423)\r\n	at org.apache.coyote.http11.AbstractHttp11Processor.process(AbstractHttp11Processor.java:1079)\r\n	at org.apache.coyote.AbstractProtocol$AbstractConnectionHandler.process(AbstractProtocol.java:620)\r\n	at org.apache.tomcat.util.net.AprEndpoint$SocketProcessor.doRun(AprEndpoint.java:2516)\r\n	at org.apache.tomcat.util.net.AprEndpoint$SocketProcessor.run(AprEndpoint.java:2505)\r\n	at java.util.concurrent.ThreadPoolExecutor.runWorker(ThreadPoolExecutor.java:1145)\r\n	at java.util.concurrent.ThreadPoolExecutor$Worker.run(ThreadPoolExecutor.java:615)\r\n	at org.apache.tomcat.util.threads.TaskThread$WrappingRunnable.run(TaskThread.java:61)\r\n	at java.lang.Thread.run(Thread.java:745)\r\n', '-1', 'com.shangsc.platform.controller.basic.WellController', 'save', '2017-08-22 00:17:27', '5', null);
INSERT INTO `sys_log` VALUES ('37696', '1', 'http://localhost/basic/well/add', '127.0.0.1', '/basic/well/save', null, 'java.lang.NullPointerException\r\n	at sun.misc.FloatingDecimal.readJavaFormatString(FloatingDecimal.java:1017)\r\n	at java.lang.Double.parseDouble(Double.java:540)\r\n	at com.shangsc.platform.util.CodeNumUtil.getBigDecimal(CodeNumUtil.java:17)\r\n	at com.shangsc.platform.controller.basic.WellController.save(WellController.java:63)\r\n	at sun.reflect.NativeMethodAccessorImpl.invoke0(Native Method)\r\n	at sun.reflect.NativeMethodAccessorImpl.invoke(NativeMethodAccessorImpl.java:57)\r\n	at sun.reflect.DelegatingMethodAccessorImpl.invoke(DelegatingMethodAccessorImpl.java:43)\r\n	at java.lang.reflect.Method.invoke(Method.java:606)\r\n	at com.jfinal.aop.Invocation.invoke(Invocation.java:73)\r\n	at com.shangsc.platform.core.auth.interceptor.AuthorityInterceptor.intercept(AuthorityInterceptor.java:92)\r\n	at com.jfinal.aop.Invocation.invoke(Invocation.java:67)\r\n	at com.shangsc.platform.core.auth.interceptor.SysLogInterceptor.intercept(SysLogInterceptor.java:44)\r\n	at com.jfinal.aop.Invocation.invoke(Invocation.java:67)\r\n	at com.jfinal.core.ActionHandler.handle(ActionHandler.java:74)\r\n	at com.shangsc.platform.core.handler.ResourceHandler.handle(ResourceHandler.java:26)\r\n	at com.jfinal.plugin.druid.DruidStatViewHandler.handle(DruidStatViewHandler.java:75)\r\n	at com.jfinal.core.JFinalFilter.doFilter(JFinalFilter.java:74)\r\n	at org.apache.catalina.core.ApplicationFilterChain.internalDoFilter(ApplicationFilterChain.java:241)\r\n	at org.apache.catalina.core.ApplicationFilterChain.doFilter(ApplicationFilterChain.java:208)\r\n	at org.apache.catalina.core.StandardWrapperValve.invoke(StandardWrapperValve.java:220)\r\n	at org.apache.catalina.core.StandardContextValve.invoke(StandardContextValve.java:122)\r\n	at org.apache.catalina.authenticator.AuthenticatorBase.invoke(AuthenticatorBase.java:505)\r\n	at org.apache.catalina.core.StandardHostValve.invoke(StandardHostValve.java:170)\r\n	at org.apache.catalina.valves.ErrorReportValve.invoke(ErrorReportValve.java:103)\r\n	at org.apache.catalina.valves.AccessLogValve.invoke(AccessLogValve.java:957)\r\n	at org.apache.catalina.core.StandardEngineValve.invoke(StandardEngineValve.java:116)\r\n	at org.apache.catalina.connector.CoyoteAdapter.service(CoyoteAdapter.java:423)\r\n	at org.apache.coyote.http11.AbstractHttp11Processor.process(AbstractHttp11Processor.java:1079)\r\n	at org.apache.coyote.AbstractProtocol$AbstractConnectionHandler.process(AbstractProtocol.java:620)\r\n	at org.apache.tomcat.util.net.AprEndpoint$SocketProcessor.doRun(AprEndpoint.java:2516)\r\n	at org.apache.tomcat.util.net.AprEndpoint$SocketProcessor.run(AprEndpoint.java:2505)\r\n	at java.util.concurrent.ThreadPoolExecutor.runWorker(ThreadPoolExecutor.java:1145)\r\n	at java.util.concurrent.ThreadPoolExecutor$Worker.run(ThreadPoolExecutor.java:615)\r\n	at org.apache.tomcat.util.threads.TaskThread$WrappingRunnable.run(TaskThread.java:61)\r\n	at java.lang.Thread.run(Thread.java:745)\r\n', '-1', 'com.shangsc.platform.controller.basic.WellController', 'save', '2017-08-22 00:18:07', '129313', null);
INSERT INTO `sys_log` VALUES ('37697', '1', 'http://localhost/', '127.0.0.1', '/basic/well', null, '', '0', 'com.shangsc.platform.controller.basic.WellController', 'index', '2017-08-22 00:20:16', '0', null);
INSERT INTO `sys_log` VALUES ('37698', '1', 'http://localhost/basic/well', '127.0.0.1', '/basic/well/getListData', null, '', '0', 'com.shangsc.platform.controller.basic.WellController', 'getListData', '2017-08-22 00:20:17', '1', null);
INSERT INTO `sys_log` VALUES ('37699', '1', 'http://localhost/', '127.0.0.1', '/basic/well/add', null, '', '0', 'com.shangsc.platform.controller.basic.WellController', 'add', '2017-08-22 00:20:32', '0', null);
INSERT INTO `sys_log` VALUES ('37700', '1', 'http://localhost/', '127.0.0.1', '/basic/meter', null, '', '0', 'com.shangsc.platform.controller.basic.MeterController', 'index', '2017-08-22 00:20:59', '0', null);
INSERT INTO `sys_log` VALUES ('37701', '1', 'http://localhost/basic/meter', '127.0.0.1', '/basic/meter/getListData', null, '', '0', 'com.shangsc.platform.controller.basic.MeterController', 'getListData', '2017-08-22 00:20:59', '2', null);
INSERT INTO `sys_log` VALUES ('37702', '1', 'http://localhost/', '127.0.0.1', '/basic/company', null, '', '0', 'com.shangsc.platform.controller.basic.CompanyController', 'index', '2017-08-22 00:21:00', '0', null);
INSERT INTO `sys_log` VALUES ('37703', '1', 'http://localhost/basic/company', '127.0.0.1', '/basic/company/getListData', null, '', '0', 'com.shangsc.platform.controller.basic.CompanyController', 'getListData', '2017-08-22 00:21:00', '4', null);
INSERT INTO `sys_log` VALUES ('37704', '1', 'http://localhost/', '127.0.0.1', '/basic/waterindex', null, '', '0', 'com.shangsc.platform.controller.basic.WaterIndexController', 'index', '2017-08-22 00:21:01', '0', null);
INSERT INTO `sys_log` VALUES ('37705', '1', 'http://localhost/basic/waterindex', '127.0.0.1', '/basic/waterindex/getListData', null, '', '0', 'com.shangsc.platform.controller.basic.WaterIndexController', 'getListData', '2017-08-22 00:21:02', '1', null);
INSERT INTO `sys_log` VALUES ('37706', '1', 'http://localhost/', '127.0.0.1', '/basic/waterindex/add', null, '', '0', 'com.shangsc.platform.controller.basic.WaterIndexController', 'add', '2017-08-22 00:21:03', '0', null);
INSERT INTO `sys_log` VALUES ('37707', '1', 'http://localhost/basic/waterindex/add', '127.0.0.1', '/basic/well/save', null, 'java.lang.NullPointerException\r\n	at sun.misc.FloatingDecimal.readJavaFormatString(FloatingDecimal.java:1017)\r\n	at java.lang.Double.parseDouble(Double.java:540)\r\n	at com.shangsc.platform.util.CodeNumUtil.getBigDecimal(CodeNumUtil.java:17)\r\n	at com.shangsc.platform.controller.basic.WellController.save(WellController.java:63)\r\n	at sun.reflect.NativeMethodAccessorImpl.invoke0(Native Method)\r\n	at sun.reflect.NativeMethodAccessorImpl.invoke(NativeMethodAccessorImpl.java:57)\r\n	at sun.reflect.DelegatingMethodAccessorImpl.invoke(DelegatingMethodAccessorImpl.java:43)\r\n	at java.lang.reflect.Method.invoke(Method.java:606)\r\n	at com.jfinal.aop.Invocation.invoke(Invocation.java:73)\r\n	at com.shangsc.platform.core.auth.interceptor.AuthorityInterceptor.intercept(AuthorityInterceptor.java:92)\r\n	at com.jfinal.aop.Invocation.invoke(Invocation.java:67)\r\n	at com.shangsc.platform.core.auth.interceptor.SysLogInterceptor.intercept(SysLogInterceptor.java:44)\r\n	at com.jfinal.aop.Invocation.invoke(Invocation.java:67)\r\n	at com.jfinal.core.ActionHandler.handle(ActionHandler.java:74)\r\n	at com.shangsc.platform.core.handler.ResourceHandler.handle(ResourceHandler.java:26)\r\n	at com.jfinal.plugin.druid.DruidStatViewHandler.handle(DruidStatViewHandler.java:75)\r\n	at com.jfinal.core.JFinalFilter.doFilter(JFinalFilter.java:74)\r\n	at org.apache.catalina.core.ApplicationFilterChain.internalDoFilter(ApplicationFilterChain.java:241)\r\n	at org.apache.catalina.core.ApplicationFilterChain.doFilter(ApplicationFilterChain.java:208)\r\n	at org.apache.catalina.core.StandardWrapperValve.invoke(StandardWrapperValve.java:220)\r\n	at org.apache.catalina.core.StandardContextValve.invoke(StandardContextValve.java:122)\r\n	at org.apache.catalina.authenticator.AuthenticatorBase.invoke(AuthenticatorBase.java:505)\r\n	at org.apache.catalina.core.StandardHostValve.invoke(StandardHostValve.java:170)\r\n	at org.apache.catalina.valves.ErrorReportValve.invoke(ErrorReportValve.java:103)\r\n	at org.apache.catalina.valves.AccessLogValve.invoke(AccessLogValve.java:957)\r\n	at org.apache.catalina.core.StandardEngineValve.invoke(StandardEngineValve.java:116)\r\n	at org.apache.catalina.connector.CoyoteAdapter.service(CoyoteAdapter.java:423)\r\n	at org.apache.coyote.http11.AbstractHttp11Processor.process(AbstractHttp11Processor.java:1079)\r\n	at org.apache.coyote.AbstractProtocol$AbstractConnectionHandler.process(AbstractProtocol.java:620)\r\n	at org.apache.tomcat.util.net.AprEndpoint$SocketProcessor.doRun(AprEndpoint.java:2516)\r\n	at org.apache.tomcat.util.net.AprEndpoint$SocketProcessor.run(AprEndpoint.java:2505)\r\n	at java.util.concurrent.ThreadPoolExecutor.runWorker(ThreadPoolExecutor.java:1145)\r\n	at java.util.concurrent.ThreadPoolExecutor$Worker.run(ThreadPoolExecutor.java:615)\r\n	at org.apache.tomcat.util.threads.TaskThread$WrappingRunnable.run(TaskThread.java:61)\r\n	at java.lang.Thread.run(Thread.java:745)\r\n', '-1', 'com.shangsc.platform.controller.basic.WellController', 'save', '2017-08-22 00:21:20', '1', null);
INSERT INTO `sys_log` VALUES ('37708', '1', 'http://localhost/basic/waterindex/add', '127.0.0.1', '/basic/well/save', null, 'java.lang.NullPointerException\r\n	at sun.misc.FloatingDecimal.readJavaFormatString(FloatingDecimal.java:1017)\r\n	at java.lang.Double.parseDouble(Double.java:540)\r\n	at com.shangsc.platform.util.CodeNumUtil.getBigDecimal(CodeNumUtil.java:17)\r\n	at com.shangsc.platform.controller.basic.WellController.save(WellController.java:63)\r\n	at sun.reflect.NativeMethodAccessorImpl.invoke0(Native Method)\r\n	at sun.reflect.NativeMethodAccessorImpl.invoke(NativeMethodAccessorImpl.java:57)\r\n	at sun.reflect.DelegatingMethodAccessorImpl.invoke(DelegatingMethodAccessorImpl.java:43)\r\n	at java.lang.reflect.Method.invoke(Method.java:606)\r\n	at com.jfinal.aop.Invocation.invoke(Invocation.java:73)\r\n	at com.shangsc.platform.core.auth.interceptor.AuthorityInterceptor.intercept(AuthorityInterceptor.java:92)\r\n	at com.jfinal.aop.Invocation.invoke(Invocation.java:67)\r\n	at com.shangsc.platform.core.auth.interceptor.SysLogInterceptor.intercept(SysLogInterceptor.java:44)\r\n	at com.jfinal.aop.Invocation.invoke(Invocation.java:67)\r\n	at com.jfinal.core.ActionHandler.handle(ActionHandler.java:74)\r\n	at com.shangsc.platform.core.handler.ResourceHandler.handle(ResourceHandler.java:26)\r\n	at com.jfinal.plugin.druid.DruidStatViewHandler.handle(DruidStatViewHandler.java:75)\r\n	at com.jfinal.core.JFinalFilter.doFilter(JFinalFilter.java:74)\r\n	at org.apache.catalina.core.ApplicationFilterChain.internalDoFilter(ApplicationFilterChain.java:241)\r\n	at org.apache.catalina.core.ApplicationFilterChain.doFilter(ApplicationFilterChain.java:208)\r\n	at org.apache.catalina.core.StandardWrapperValve.invoke(StandardWrapperValve.java:220)\r\n	at org.apache.catalina.core.StandardContextValve.invoke(StandardContextValve.java:122)\r\n	at org.apache.catalina.authenticator.AuthenticatorBase.invoke(AuthenticatorBase.java:505)\r\n	at org.apache.catalina.core.StandardHostValve.invoke(StandardHostValve.java:170)\r\n	at org.apache.catalina.valves.ErrorReportValve.invoke(ErrorReportValve.java:103)\r\n	at org.apache.catalina.valves.AccessLogValve.invoke(AccessLogValve.java:957)\r\n	at org.apache.catalina.core.StandardEngineValve.invoke(StandardEngineValve.java:116)\r\n	at org.apache.catalina.connector.CoyoteAdapter.service(CoyoteAdapter.java:423)\r\n	at org.apache.coyote.http11.AbstractHttp11Processor.process(AbstractHttp11Processor.java:1079)\r\n	at org.apache.coyote.AbstractProtocol$AbstractConnectionHandler.process(AbstractProtocol.java:620)\r\n	at org.apache.tomcat.util.net.AprEndpoint$SocketProcessor.doRun(AprEndpoint.java:2516)\r\n	at org.apache.tomcat.util.net.AprEndpoint$SocketProcessor.run(AprEndpoint.java:2505)\r\n	at java.util.concurrent.ThreadPoolExecutor.runWorker(ThreadPoolExecutor.java:1145)\r\n	at java.util.concurrent.ThreadPoolExecutor$Worker.run(ThreadPoolExecutor.java:615)\r\n	at org.apache.tomcat.util.threads.TaskThread$WrappingRunnable.run(TaskThread.java:61)\r\n	at java.lang.Thread.run(Thread.java:745)\r\n', '-1', 'com.shangsc.platform.controller.basic.WellController', 'save', '2017-08-22 00:21:54', '0', null);
INSERT INTO `sys_log` VALUES ('37709', '1', 'http://localhost/', '127.0.0.1', '/basic/waterindex', null, '', '0', 'com.shangsc.platform.controller.basic.WaterIndexController', 'index', '2017-08-22 00:22:49', '0', null);
INSERT INTO `sys_log` VALUES ('37710', '1', 'http://localhost/basic/waterindex', '127.0.0.1', '/basic/waterindex/getListData', null, '', '0', 'com.shangsc.platform.controller.basic.WaterIndexController', 'getListData', '2017-08-22 00:22:49', '2', null);
INSERT INTO `sys_log` VALUES ('37711', '1', 'http://localhost/', '127.0.0.1', '/basic/waterindex/add', null, '', '0', 'com.shangsc.platform.controller.basic.WaterIndexController', 'add', '2017-08-22 00:22:50', '0', null);
INSERT INTO `sys_log` VALUES ('37712', '1', 'http://localhost/basic/waterindex/add', '127.0.0.1', '/basic/well/save', null, 'java.lang.NullPointerException\r\n	at sun.misc.FloatingDecimal.readJavaFormatString(FloatingDecimal.java:1017)\r\n	at java.lang.Double.parseDouble(Double.java:540)\r\n	at com.shangsc.platform.util.CodeNumUtil.getBigDecimal(CodeNumUtil.java:17)\r\n	at com.shangsc.platform.controller.basic.WellController.save(WellController.java:63)\r\n	at sun.reflect.NativeMethodAccessorImpl.invoke0(Native Method)\r\n	at sun.reflect.NativeMethodAccessorImpl.invoke(NativeMethodAccessorImpl.java:57)\r\n	at sun.reflect.DelegatingMethodAccessorImpl.invoke(DelegatingMethodAccessorImpl.java:43)\r\n	at java.lang.reflect.Method.invoke(Method.java:606)\r\n	at com.jfinal.aop.Invocation.invoke(Invocation.java:73)\r\n	at com.shangsc.platform.core.auth.interceptor.AuthorityInterceptor.intercept(AuthorityInterceptor.java:92)\r\n	at com.jfinal.aop.Invocation.invoke(Invocation.java:67)\r\n	at com.shangsc.platform.core.auth.interceptor.SysLogInterceptor.intercept(SysLogInterceptor.java:44)\r\n	at com.jfinal.aop.Invocation.invoke(Invocation.java:67)\r\n	at com.jfinal.core.ActionHandler.handle(ActionHandler.java:74)\r\n	at com.shangsc.platform.core.handler.ResourceHandler.handle(ResourceHandler.java:26)\r\n	at com.jfinal.plugin.druid.DruidStatViewHandler.handle(DruidStatViewHandler.java:75)\r\n	at com.jfinal.core.JFinalFilter.doFilter(JFinalFilter.java:74)\r\n	at org.apache.catalina.core.ApplicationFilterChain.internalDoFilter(ApplicationFilterChain.java:241)\r\n	at org.apache.catalina.core.ApplicationFilterChain.doFilter(ApplicationFilterChain.java:208)\r\n	at org.apache.catalina.core.StandardWrapperValve.invoke(StandardWrapperValve.java:220)\r\n	at org.apache.catalina.core.StandardContextValve.invoke(StandardContextValve.java:122)\r\n	at org.apache.catalina.authenticator.AuthenticatorBase.invoke(AuthenticatorBase.java:505)\r\n	at org.apache.catalina.core.StandardHostValve.invoke(StandardHostValve.java:170)\r\n	at org.apache.catalina.valves.ErrorReportValve.invoke(ErrorReportValve.java:103)\r\n	at org.apache.catalina.valves.AccessLogValve.invoke(AccessLogValve.java:957)\r\n	at org.apache.catalina.core.StandardEngineValve.invoke(StandardEngineValve.java:116)\r\n	at org.apache.catalina.connector.CoyoteAdapter.service(CoyoteAdapter.java:423)\r\n	at org.apache.coyote.http11.AbstractHttp11Processor.process(AbstractHttp11Processor.java:1079)\r\n	at org.apache.coyote.AbstractProtocol$AbstractConnectionHandler.process(AbstractProtocol.java:620)\r\n	at org.apache.tomcat.util.net.AprEndpoint$SocketProcessor.doRun(AprEndpoint.java:2516)\r\n	at org.apache.tomcat.util.net.AprEndpoint$SocketProcessor.run(AprEndpoint.java:2505)\r\n	at java.util.concurrent.ThreadPoolExecutor.runWorker(ThreadPoolExecutor.java:1145)\r\n	at java.util.concurrent.ThreadPoolExecutor$Worker.run(ThreadPoolExecutor.java:615)\r\n	at org.apache.tomcat.util.threads.TaskThread$WrappingRunnable.run(TaskThread.java:61)\r\n	at java.lang.Thread.run(Thread.java:745)\r\n', '-1', 'com.shangsc.platform.controller.basic.WellController', 'save', '2017-08-22 00:23:14', '0', null);
INSERT INTO `sys_log` VALUES ('37713', null, 'http://localhost/login', '127.0.0.1', '/image/getCode', null, '', '0', 'com.shangsc.platform.controller.ImageController', 'getCode', '2017-08-22 00:24:15', '284', null);
INSERT INTO `sys_log` VALUES ('37714', '1', 'http://localhost/', '127.0.0.1', '/basic/company', null, '', '0', 'com.shangsc.platform.controller.basic.CompanyController', 'index', '2017-08-22 00:24:31', '0', null);
INSERT INTO `sys_log` VALUES ('37715', '1', 'http://localhost/basic/company', '127.0.0.1', '/basic/company/getListData', null, '', '0', 'com.shangsc.platform.controller.basic.CompanyController', 'getListData', '2017-08-22 00:24:31', '7', null);
INSERT INTO `sys_log` VALUES ('37716', '1', 'http://localhost/', '127.0.0.1', '/basic/meter', null, '', '0', 'com.shangsc.platform.controller.basic.MeterController', 'index', '2017-08-22 00:24:32', '0', null);
INSERT INTO `sys_log` VALUES ('37717', '1', 'http://localhost/basic/meter', '127.0.0.1', '/basic/meter/getListData', null, '', '0', 'com.shangsc.platform.controller.basic.MeterController', 'getListData', '2017-08-22 00:24:32', '2', null);
INSERT INTO `sys_log` VALUES ('37718', '1', 'http://localhost/', '127.0.0.1', '/basic/well', null, '', '0', 'com.shangsc.platform.controller.basic.WellController', 'index', '2017-08-22 00:24:33', '0', null);
INSERT INTO `sys_log` VALUES ('37719', '1', 'http://localhost/basic/well', '127.0.0.1', '/basic/well/getListData', null, '', '0', 'com.shangsc.platform.controller.basic.WellController', 'getListData', '2017-08-22 00:24:33', '2', null);
INSERT INTO `sys_log` VALUES ('37720', '1', 'http://localhost/', '127.0.0.1', '/basic/waterindex', null, '', '0', 'com.shangsc.platform.controller.basic.WaterIndexController', 'index', '2017-08-22 00:24:34', '0', null);
INSERT INTO `sys_log` VALUES ('37721', '1', 'http://localhost/basic/waterindex', '127.0.0.1', '/basic/waterindex/getListData', null, '', '0', 'com.shangsc.platform.controller.basic.WaterIndexController', 'getListData', '2017-08-22 00:24:35', '3', null);
INSERT INTO `sys_log` VALUES ('37722', '1', 'http://localhost/', '127.0.0.1', '/basic/waterindex/add', null, '', '0', 'com.shangsc.platform.controller.basic.WaterIndexController', 'add', '2017-08-22 00:24:36', '0', null);
INSERT INTO `sys_log` VALUES ('37723', '1', 'http://localhost/basic/waterindex/add', '127.0.0.1', '/basic/waterindex/save', null, '', '0', 'com.shangsc.platform.controller.basic.WaterIndexController', 'save', '2017-08-22 00:24:51', '2550', null);
INSERT INTO `sys_log` VALUES ('37724', '1', 'http://localhost/basic/waterindex', '127.0.0.1', '/basic/waterindex/getListData', null, '', '0', 'com.shangsc.platform.controller.basic.WaterIndexController', 'getListData', '2017-08-22 00:24:54', '3', null);
INSERT INTO `sys_log` VALUES ('37725', '1', 'http://localhost/', '127.0.0.1', '/statis/readnum', null, '', '0', 'com.shangsc.platform.controller.statis.ReadnumStatisController', 'index', '2017-08-22 00:25:07', '0', null);
INSERT INTO `sys_log` VALUES ('37726', '1', 'http://localhost/statis/readnum', '127.0.0.1', '/basic/company/getListData', null, '', '0', 'com.shangsc.platform.controller.basic.CompanyController', 'getListData', '2017-08-22 00:25:08', '2', null);
INSERT INTO `sys_log` VALUES ('37727', '1', 'http://localhost/', '127.0.0.1', '/statis/year', null, '', '0', 'com.shangsc.platform.controller.statis.YearStatisController', 'index', '2017-08-22 00:25:12', '1', null);
INSERT INTO `sys_log` VALUES ('37728', '1', 'http://localhost/statis/year', '127.0.0.1', '/basic/company/getListData', null, '', '0', 'com.shangsc.platform.controller.basic.CompanyController', 'getListData', '2017-08-22 00:25:12', '2', null);
INSERT INTO `sys_log` VALUES ('37729', '1', 'http://localhost/', '127.0.0.1', '/statis/month', null, '', '0', 'com.shangsc.platform.controller.statis.MonthStatisController', 'index', '2017-08-22 00:25:13', '1', null);
INSERT INTO `sys_log` VALUES ('37730', '1', 'http://localhost/statis/month', '127.0.0.1', '/basic/company/getListData', null, '', '0', 'com.shangsc.platform.controller.basic.CompanyController', 'getListData', '2017-08-22 00:25:13', '3', null);
INSERT INTO `sys_log` VALUES ('37731', '1', 'http://localhost/', '127.0.0.1', '/statis/daily', null, '', '0', 'com.shangsc.platform.controller.statis.DailyStatisController', 'index', '2017-08-22 00:25:14', '0', null);
INSERT INTO `sys_log` VALUES ('37732', '1', 'http://localhost/statis/daily', '127.0.0.1', '/basic/company/getListData', null, '', '0', 'com.shangsc.platform.controller.basic.CompanyController', 'getListData', '2017-08-22 00:25:14', '2', null);
INSERT INTO `sys_log` VALUES ('37733', '1', 'http://localhost/', '127.0.0.1', '/app', null, '', '0', 'com.shangsc.platform.controller.app.AppVersionController', 'index', '2017-08-22 00:25:16', '0', null);
INSERT INTO `sys_log` VALUES ('37734', '1', 'http://localhost/app', '127.0.0.1', '/app/getListData', null, '', '0', 'com.shangsc.platform.controller.app.AppVersionController', 'getListData', '2017-08-22 00:25:17', '1', null);
INSERT INTO `sys_log` VALUES ('37735', '1', 'http://localhost/', '127.0.0.1', '/app/addApp', null, '', '0', 'com.shangsc.platform.controller.app.AppVersionController', 'addApp', '2017-08-22 00:25:18', '0', null);
INSERT INTO `sys_log` VALUES ('37736', '1', 'http://localhost/app/addApp', '127.0.0.1', '/app', null, '', '0', 'com.shangsc.platform.controller.app.AppVersionController', 'index', '2017-08-22 00:25:19', '0', null);
INSERT INTO `sys_log` VALUES ('37737', '1', 'http://localhost/', '127.0.0.1', '/app/addApp', null, '', '0', 'com.shangsc.platform.controller.app.AppVersionController', 'addApp', '2017-08-22 00:25:33', '0', null);
INSERT INTO `sys_log` VALUES ('37738', '1', 'http://localhost/app/addApp', '127.0.0.1', '/app', null, '', '0', 'com.shangsc.platform.controller.app.AppVersionController', 'index', '2017-08-22 00:25:33', '0', null);
INSERT INTO `sys_log` VALUES ('37739', '1', 'http://localhost/', '127.0.0.1', '/statis/readnum', null, '', '0', 'com.shangsc.platform.controller.statis.ReadnumStatisController', 'index', '2017-08-22 00:30:33', '0', null);
INSERT INTO `sys_log` VALUES ('37740', '1', 'http://localhost/statis/readnum', '127.0.0.1', '/basic/company/getListData', null, '', '0', 'com.shangsc.platform.controller.basic.CompanyController', 'getListData', '2017-08-22 00:30:34', '2', null);
INSERT INTO `sys_log` VALUES ('37741', '1', 'http://localhost/', '127.0.0.1', '/basic/company', null, '', '0', 'com.shangsc.platform.controller.basic.CompanyController', 'index', '2017-08-22 00:32:45', '0', null);
INSERT INTO `sys_log` VALUES ('37742', '1', 'http://localhost/basic/company', '127.0.0.1', '/basic/company/getListData', null, '', '0', 'com.shangsc.platform.controller.basic.CompanyController', 'getListData', '2017-08-22 00:32:46', '2', null);
INSERT INTO `sys_log` VALUES ('37743', '1', 'http://localhost/', '127.0.0.1', '/basic/meter', null, '', '0', 'com.shangsc.platform.controller.basic.MeterController', 'index', '2017-08-22 00:32:48', '0', null);
INSERT INTO `sys_log` VALUES ('37744', '1', 'http://localhost/basic/meter', '127.0.0.1', '/basic/meter/getListData', null, '', '0', 'com.shangsc.platform.controller.basic.MeterController', 'getListData', '2017-08-22 00:32:48', '2', null);
INSERT INTO `sys_log` VALUES ('37745', '1', 'http://localhost/', '127.0.0.1', '/basic/well', null, '', '0', 'com.shangsc.platform.controller.basic.WellController', 'index', '2017-08-22 00:32:49', '0', null);
INSERT INTO `sys_log` VALUES ('37746', '1', 'http://localhost/basic/well', '127.0.0.1', '/basic/well/getListData', null, '', '0', 'com.shangsc.platform.controller.basic.WellController', 'getListData', '2017-08-22 00:32:49', '1', null);
INSERT INTO `sys_log` VALUES ('37747', '1', 'http://localhost/', '127.0.0.1', '/basic/waterindex', null, '', '0', 'com.shangsc.platform.controller.basic.WaterIndexController', 'index', '2017-08-22 00:32:49', '0', null);
INSERT INTO `sys_log` VALUES ('37748', '1', 'http://localhost/basic/waterindex', '127.0.0.1', '/basic/waterindex/getListData', null, '', '0', 'com.shangsc.platform.controller.basic.WaterIndexController', 'getListData', '2017-08-22 00:32:50', '2', null);
INSERT INTO `sys_log` VALUES ('37749', '1', 'http://localhost/', '127.0.0.1', '/statis/readnum', null, '', '0', 'com.shangsc.platform.controller.statis.ReadnumStatisController', 'index', '2017-08-22 00:32:57', '0', null);
INSERT INTO `sys_log` VALUES ('37750', '1', 'http://localhost/statis/readnum', '127.0.0.1', '/basic/company/getListData', null, '', '0', 'com.shangsc.platform.controller.basic.CompanyController', 'getListData', '2017-08-22 00:32:57', '3', null);
INSERT INTO `sys_log` VALUES ('37751', '1', 'http://localhost/', '127.0.0.1', '/statis/daily', null, '', '0', 'com.shangsc.platform.controller.statis.DailyStatisController', 'index', '2017-08-22 00:32:58', '1', null);
INSERT INTO `sys_log` VALUES ('37752', '1', 'http://localhost/statis/daily', '127.0.0.1', '/basic/company/getListData', null, '', '0', 'com.shangsc.platform.controller.basic.CompanyController', 'getListData', '2017-08-22 00:32:58', '5', null);
INSERT INTO `sys_log` VALUES ('37753', '1', 'http://localhost/', '127.0.0.1', '/statis/month', null, '', '0', 'com.shangsc.platform.controller.statis.MonthStatisController', 'index', '2017-08-22 00:32:58', '0', null);
INSERT INTO `sys_log` VALUES ('37754', '1', 'http://localhost/statis/month', '127.0.0.1', '/basic/company/getListData', null, '', '0', 'com.shangsc.platform.controller.basic.CompanyController', 'getListData', '2017-08-22 00:32:58', '2', null);
INSERT INTO `sys_log` VALUES ('37755', '1', 'http://localhost/', '127.0.0.1', '/statis/year', null, '', '0', 'com.shangsc.platform.controller.statis.YearStatisController', 'index', '2017-08-22 00:32:59', '0', null);
INSERT INTO `sys_log` VALUES ('37756', '1', 'http://localhost/statis/year', '127.0.0.1', '/basic/company/getListData', null, '', '0', 'com.shangsc.platform.controller.basic.CompanyController', 'getListData', '2017-08-22 00:32:59', '2', null);
INSERT INTO `sys_log` VALUES ('37757', '1', 'http://localhost/', '127.0.0.1', '/statis/year', null, '', '0', 'com.shangsc.platform.controller.statis.YearStatisController', 'index', '2017-08-22 00:33:51', '0', null);
INSERT INTO `sys_log` VALUES ('37758', '1', 'http://localhost/statis/year', '127.0.0.1', '/basic/company/getListData', null, '', '0', 'com.shangsc.platform.controller.basic.CompanyController', 'getListData', '2017-08-22 00:33:51', '2', null);
INSERT INTO `sys_log` VALUES ('37759', '1', 'http://localhost/', '127.0.0.1', '/statis/year', null, '', '0', 'com.shangsc.platform.controller.statis.YearStatisController', 'index', '2017-08-22 00:34:15', '1', null);
INSERT INTO `sys_log` VALUES ('37760', '1', 'http://localhost/statis/year', '127.0.0.1', '/basic/company/getListData', null, '', '0', 'com.shangsc.platform.controller.basic.CompanyController', 'getListData', '2017-08-22 00:34:15', '10', null);
INSERT INTO `sys_log` VALUES ('37761', '1', 'http://localhost/', '127.0.0.1', '/statis/readnum', null, '', '0', 'com.shangsc.platform.controller.statis.ReadnumStatisController', 'index', '2017-08-22 00:34:32', '1', null);
INSERT INTO `sys_log` VALUES ('37762', '1', 'http://localhost/statis/readnum', '127.0.0.1', '/basic/company/getListData', null, '', '0', 'com.shangsc.platform.controller.basic.CompanyController', 'getListData', '2017-08-22 00:34:32', '2', null);
INSERT INTO `sys_log` VALUES ('37763', '1', 'http://localhost/', '127.0.0.1', '/statis/readnum', null, '', '0', 'com.shangsc.platform.controller.statis.ReadnumStatisController', 'index', '2017-08-22 00:35:42', '2', null);
INSERT INTO `sys_log` VALUES ('37764', '1', 'http://localhost/statis/readnum', '127.0.0.1', '/basic/company/getListData', null, '', '0', 'com.shangsc.platform.controller.basic.CompanyController', 'getListData', '2017-08-22 00:35:42', '11', null);
INSERT INTO `sys_log` VALUES ('37765', '1', 'http://localhost/', '127.0.0.1', '/app', null, '', '0', 'com.shangsc.platform.controller.app.AppVersionController', 'index', '2017-08-22 00:36:15', '1', null);
INSERT INTO `sys_log` VALUES ('37766', '1', 'http://localhost/app', '127.0.0.1', '/app/getListData', null, '', '0', 'com.shangsc.platform.controller.app.AppVersionController', 'getListData', '2017-08-22 00:36:15', '1', null);
INSERT INTO `sys_log` VALUES ('37767', '1', 'http://localhost/', '127.0.0.1', '/sys/res', null, '', '0', 'com.shangsc.platform.controller.sys.ResController', 'index', '2017-08-22 00:36:17', '0', null);
INSERT INTO `sys_log` VALUES ('37768', '1', 'http://localhost/sys/res', '127.0.0.1', '/sys/res/getTreeGridView', null, '', '0', 'com.shangsc.platform.controller.sys.ResController', 'getTreeGridView', '2017-08-22 00:36:17', '44', null);
INSERT INTO `sys_log` VALUES ('37769', '1', 'http://localhost/', '127.0.0.1', '/statis/actual', null, '', '0', 'com.shangsc.platform.controller.statis.ActualController', 'index', '2017-08-22 00:38:21', '2569', null);
INSERT INTO `sys_log` VALUES ('37770', '1', 'http://localhost/', '127.0.0.1', '/basic/company', null, '', '0', 'com.shangsc.platform.controller.basic.CompanyController', 'index', '2017-08-22 00:38:34', '0', null);
INSERT INTO `sys_log` VALUES ('37771', '1', 'http://localhost/basic/company', '127.0.0.1', '/basic/company/getListData', null, '', '0', 'com.shangsc.platform.controller.basic.CompanyController', 'getListData', '2017-08-22 00:38:34', '12', null);
INSERT INTO `sys_log` VALUES ('37772', '1', 'http://localhost/', '127.0.0.1', '/statis/readnum', null, '', '0', 'com.shangsc.platform.controller.statis.ReadnumStatisController', 'index', '2017-08-22 00:38:46', '0', null);
INSERT INTO `sys_log` VALUES ('37773', '1', 'http://localhost/statis/readnum', '127.0.0.1', '/basic/company/getListData', null, '', '0', 'com.shangsc.platform.controller.basic.CompanyController', 'getListData', '2017-08-22 00:38:46', '2', null);
INSERT INTO `sys_log` VALUES ('37774', '1', 'http://localhost/', '127.0.0.1', '/statis/daily', null, '', '0', 'com.shangsc.platform.controller.statis.DailyStatisController', 'index', '2017-08-22 00:38:47', '0', null);
INSERT INTO `sys_log` VALUES ('37775', '1', 'http://localhost/statis/daily', '127.0.0.1', '/basic/company/getListData', null, '', '0', 'com.shangsc.platform.controller.basic.CompanyController', 'getListData', '2017-08-22 00:38:47', '2', null);
INSERT INTO `sys_log` VALUES ('37776', '1', 'http://localhost/', '127.0.0.1', '/statis/month', null, '', '0', 'com.shangsc.platform.controller.statis.MonthStatisController', 'index', '2017-08-22 00:38:48', '0', null);
INSERT INTO `sys_log` VALUES ('37777', '1', 'http://localhost/statis/month', '127.0.0.1', '/basic/company/getListData', null, '', '0', 'com.shangsc.platform.controller.basic.CompanyController', 'getListData', '2017-08-22 00:38:48', '2', null);
INSERT INTO `sys_log` VALUES ('37778', '1', 'http://localhost/', '127.0.0.1', '/statis/year', null, '', '0', 'com.shangsc.platform.controller.statis.YearStatisController', 'index', '2017-08-22 00:38:48', '0', null);
INSERT INTO `sys_log` VALUES ('37779', '1', 'http://localhost/statis/year', '127.0.0.1', '/basic/company/getListData', null, '', '0', 'com.shangsc.platform.controller.basic.CompanyController', 'getListData', '2017-08-22 00:38:49', '4', null);
INSERT INTO `sys_log` VALUES ('37780', '1', 'http://localhost/', '127.0.0.1', '/basic/meter', null, '', '0', 'com.shangsc.platform.controller.basic.MeterController', 'index', '2017-08-22 00:38:54', '0', null);
INSERT INTO `sys_log` VALUES ('37781', '1', 'http://localhost/basic/meter', '127.0.0.1', '/basic/meter/getListData', null, '', '0', 'com.shangsc.platform.controller.basic.MeterController', 'getListData', '2017-08-22 00:38:54', '3', null);
INSERT INTO `sys_log` VALUES ('37782', '1', 'http://localhost/', '127.0.0.1', '/basic/well', null, '', '0', 'com.shangsc.platform.controller.basic.WellController', 'index', '2017-08-22 00:38:56', '0', null);
INSERT INTO `sys_log` VALUES ('37783', '1', 'http://localhost/basic/well', '127.0.0.1', '/basic/well/getListData', null, '', '0', 'com.shangsc.platform.controller.basic.WellController', 'getListData', '2017-08-22 00:38:56', '1', null);
INSERT INTO `sys_log` VALUES ('37784', '1', 'http://localhost/', '127.0.0.1', '/basic/waterindex', null, '', '0', 'com.shangsc.platform.controller.basic.WaterIndexController', 'index', '2017-08-22 00:39:23', '0', null);
INSERT INTO `sys_log` VALUES ('37785', '1', 'http://localhost/basic/waterindex', '127.0.0.1', '/basic/waterindex/getListData', null, '', '0', 'com.shangsc.platform.controller.basic.WaterIndexController', 'getListData', '2017-08-22 00:39:23', '3', null);
INSERT INTO `sys_log` VALUES ('37786', '1', 'http://localhost/', '127.0.0.1', '/statis/year', null, '', '0', 'com.shangsc.platform.controller.statis.YearStatisController', 'index', '2017-08-22 00:49:15', '0', null);
INSERT INTO `sys_log` VALUES ('37787', '1', 'http://localhost/statis/year', '127.0.0.1', '/basic/company/getListData', null, '', '0', 'com.shangsc.platform.controller.basic.CompanyController', 'getListData', '2017-08-22 00:49:15', '2', null);
INSERT INTO `sys_log` VALUES ('37788', '1', 'http://localhost/', '127.0.0.1', '/basic/ad', null, '', '0', 'com.shangsc.platform.controller.basic.AdController', 'index', '2017-08-22 00:49:23', '0', null);
INSERT INTO `sys_log` VALUES ('37789', '1', 'http://localhost/basic/ad', '127.0.0.1', '/basic/ad/getListData', null, 'java.lang.NullPointerException\r\n	at com.shangsc.platform.core.model.BaseModel.getTableName(BaseModel.java:162)\r\n	at com.shangsc.platform.core.model.BaseModel.getPage(BaseModel.java:89)\r\n	at com.shangsc.platform.core.model.BaseModel.getPage(BaseModel.java:83)\r\n	at com.shangsc.platform.controller.basic.AdController.getListData(AdController.java:38)\r\n	at sun.reflect.NativeMethodAccessorImpl.invoke0(Native Method)\r\n	at sun.reflect.NativeMethodAccessorImpl.invoke(NativeMethodAccessorImpl.java:57)\r\n	at sun.reflect.DelegatingMethodAccessorImpl.invoke(DelegatingMethodAccessorImpl.java:43)\r\n	at java.lang.reflect.Method.invoke(Method.java:606)\r\n	at com.jfinal.aop.Invocation.invoke(Invocation.java:73)\r\n	at com.shangsc.platform.core.auth.interceptor.AuthorityInterceptor.intercept(AuthorityInterceptor.java:92)\r\n	at com.jfinal.aop.Invocation.invoke(Invocation.java:67)\r\n	at com.shangsc.platform.core.auth.interceptor.SysLogInterceptor.intercept(SysLogInterceptor.java:44)\r\n	at com.jfinal.aop.Invocation.invoke(Invocation.java:67)\r\n	at com.jfinal.core.ActionHandler.handle(ActionHandler.java:74)\r\n	at com.shangsc.platform.core.handler.ResourceHandler.handle(ResourceHandler.java:26)\r\n	at com.jfinal.plugin.druid.DruidStatViewHandler.handle(DruidStatViewHandler.java:75)\r\n	at com.jfinal.core.JFinalFilter.doFilter(JFinalFilter.java:74)\r\n	at org.apache.catalina.core.ApplicationFilterChain.internalDoFilter(ApplicationFilterChain.java:241)\r\n	at org.apache.catalina.core.ApplicationFilterChain.doFilter(ApplicationFilterChain.java:208)\r\n	at org.apache.catalina.core.StandardWrapperValve.invoke(StandardWrapperValve.java:220)\r\n	at org.apache.catalina.core.StandardContextValve.invoke(StandardContextValve.java:122)\r\n	at org.apache.catalina.authenticator.AuthenticatorBase.invoke(AuthenticatorBase.java:505)\r\n	at org.apache.catalina.core.StandardHostValve.invoke(StandardHostValve.java:170)\r\n	at org.apache.catalina.valves.ErrorReportValve.invoke(ErrorReportValve.java:103)\r\n	at org.apache.catalina.valves.AccessLogValve.invoke(AccessLogValve.java:957)\r\n	at org.apache.catalina.core.StandardEngineValve.invoke(StandardEngineValve.java:116)\r\n	at org.apache.catalina.connector.CoyoteAdapter.service(CoyoteAdapter.java:423)\r\n	at org.apache.coyote.http11.AbstractHttp11Processor.process(AbstractHttp11Processor.java:1079)\r\n	at org.apache.coyote.AbstractProtocol$AbstractConnectionHandler.process(AbstractProtocol.java:620)\r\n	at org.apache.tomcat.util.net.AprEndpoint$SocketProcessor.doRun(AprEndpoint.java:2516)\r\n	at org.apache.tomcat.util.net.AprEndpoint$SocketProcessor.run(AprEndpoint.java:2505)\r\n	at java.util.concurrent.ThreadPoolExecutor.runWorker(ThreadPoolExecutor.java:1145)\r\n	at java.util.concurrent.ThreadPoolExecutor$Worker.run(ThreadPoolExecutor.java:615)\r\n	at org.apache.tomcat.util.threads.TaskThread$WrappingRunnable.run(TaskThread.java:61)\r\n	at java.lang.Thread.run(Thread.java:745)\r\n', '-1', 'com.shangsc.platform.controller.basic.AdController', 'getListData', '2017-08-22 00:49:23', '5', null);
INSERT INTO `sys_log` VALUES ('37790', '1', 'http://localhost/', '127.0.0.1', '/basic/ad/add', null, '', '0', 'com.shangsc.platform.controller.basic.AdController', 'add', '2017-08-22 00:49:24', '0', null);
INSERT INTO `sys_log` VALUES ('37791', '1', 'http://localhost/basic/ad/add', '127.0.0.1', '/basic/ad', null, '', '0', 'com.shangsc.platform.controller.basic.AdController', 'index', '2017-08-22 00:49:24', '0', null);
INSERT INTO `sys_log` VALUES ('37792', '1', 'http://localhost/', '127.0.0.1', '/basic/ad', null, '', '0', 'com.shangsc.platform.controller.basic.AdController', 'index', '2017-08-22 00:52:09', '0', null);
INSERT INTO `sys_log` VALUES ('37793', '1', 'http://localhost/basic/ad', '127.0.0.1', '/basic/ad/getListData', null, 'java.lang.NullPointerException\r\n	at com.shangsc.platform.core.model.BaseModel.getTableName(BaseModel.java:162)\r\n	at com.shangsc.platform.core.model.BaseModel.getPage(BaseModel.java:89)\r\n	at com.shangsc.platform.core.model.BaseModel.getPage(BaseModel.java:83)\r\n	at com.shangsc.platform.controller.basic.AdController.getListData(AdController.java:38)\r\n	at sun.reflect.NativeMethodAccessorImpl.invoke0(Native Method)\r\n	at sun.reflect.NativeMethodAccessorImpl.invoke(NativeMethodAccessorImpl.java:57)\r\n	at sun.reflect.DelegatingMethodAccessorImpl.invoke(DelegatingMethodAccessorImpl.java:43)\r\n	at java.lang.reflect.Method.invoke(Method.java:606)\r\n	at com.jfinal.aop.Invocation.invoke(Invocation.java:73)\r\n	at com.shangsc.platform.core.auth.interceptor.AuthorityInterceptor.intercept(AuthorityInterceptor.java:92)\r\n	at com.jfinal.aop.Invocation.invoke(Invocation.java:67)\r\n	at com.shangsc.platform.core.auth.interceptor.SysLogInterceptor.intercept(SysLogInterceptor.java:44)\r\n	at com.jfinal.aop.Invocation.invoke(Invocation.java:67)\r\n	at com.jfinal.core.ActionHandler.handle(ActionHandler.java:74)\r\n	at com.shangsc.platform.core.handler.ResourceHandler.handle(ResourceHandler.java:26)\r\n	at com.jfinal.plugin.druid.DruidStatViewHandler.handle(DruidStatViewHandler.java:75)\r\n	at com.jfinal.core.JFinalFilter.doFilter(JFinalFilter.java:74)\r\n	at org.apache.catalina.core.ApplicationFilterChain.internalDoFilter(ApplicationFilterChain.java:241)\r\n	at org.apache.catalina.core.ApplicationFilterChain.doFilter(ApplicationFilterChain.java:208)\r\n	at org.apache.catalina.core.StandardWrapperValve.invoke(StandardWrapperValve.java:220)\r\n	at org.apache.catalina.core.StandardContextValve.invoke(StandardContextValve.java:122)\r\n	at org.apache.catalina.authenticator.AuthenticatorBase.invoke(AuthenticatorBase.java:505)\r\n	at org.apache.catalina.core.StandardHostValve.invoke(StandardHostValve.java:170)\r\n	at org.apache.catalina.valves.ErrorReportValve.invoke(ErrorReportValve.java:103)\r\n	at org.apache.catalina.valves.AccessLogValve.invoke(AccessLogValve.java:957)\r\n	at org.apache.catalina.core.StandardEngineValve.invoke(StandardEngineValve.java:116)\r\n	at org.apache.catalina.connector.CoyoteAdapter.service(CoyoteAdapter.java:423)\r\n	at org.apache.coyote.http11.AbstractHttp11Processor.process(AbstractHttp11Processor.java:1079)\r\n	at org.apache.coyote.AbstractProtocol$AbstractConnectionHandler.process(AbstractProtocol.java:620)\r\n	at org.apache.tomcat.util.net.AprEndpoint$SocketProcessor.doRun(AprEndpoint.java:2516)\r\n	at org.apache.tomcat.util.net.AprEndpoint$SocketProcessor.run(AprEndpoint.java:2505)\r\n	at java.util.concurrent.ThreadPoolExecutor.runWorker(ThreadPoolExecutor.java:1145)\r\n	at java.util.concurrent.ThreadPoolExecutor$Worker.run(ThreadPoolExecutor.java:615)\r\n	at org.apache.tomcat.util.threads.TaskThread$WrappingRunnable.run(TaskThread.java:61)\r\n	at java.lang.Thread.run(Thread.java:745)\r\n', '-1', 'com.shangsc.platform.controller.basic.AdController', 'getListData', '2017-08-22 00:52:09', '1', null);
INSERT INTO `sys_log` VALUES ('37794', '1', 'http://localhost/', '127.0.0.1', '/basic/ad/add', null, '', '0', 'com.shangsc.platform.controller.basic.AdController', 'add', '2017-08-22 00:52:19', '0', null);
INSERT INTO `sys_log` VALUES ('37795', '1', 'http://localhost/basic/ad/add', '127.0.0.1', '/basic/ad', null, '', '0', 'com.shangsc.platform.controller.basic.AdController', 'index', '2017-08-22 00:52:20', '0', null);
INSERT INTO `sys_log` VALUES ('37796', '1', 'http://localhost/', '127.0.0.1', '/basic/ad', null, '', '0', 'com.shangsc.platform.controller.basic.AdController', 'index', '2017-08-22 00:53:13', '0', null);
INSERT INTO `sys_log` VALUES ('37797', '1', 'http://localhost/basic/ad', '127.0.0.1', '/basic/ad/getListData', null, 'java.lang.NullPointerException\r\n	at com.shangsc.platform.core.model.BaseModel.getTableName(BaseModel.java:162)\r\n	at com.shangsc.platform.core.model.BaseModel.getPage(BaseModel.java:89)\r\n	at com.shangsc.platform.core.model.BaseModel.getPage(BaseModel.java:83)\r\n	at com.shangsc.platform.controller.basic.AdController.getListData(AdController.java:38)\r\n	at sun.reflect.NativeMethodAccessorImpl.invoke0(Native Method)\r\n	at sun.reflect.NativeMethodAccessorImpl.invoke(NativeMethodAccessorImpl.java:57)\r\n	at sun.reflect.DelegatingMethodAccessorImpl.invoke(DelegatingMethodAccessorImpl.java:43)\r\n	at java.lang.reflect.Method.invoke(Method.java:606)\r\n	at com.jfinal.aop.Invocation.invoke(Invocation.java:73)\r\n	at com.shangsc.platform.core.auth.interceptor.AuthorityInterceptor.intercept(AuthorityInterceptor.java:92)\r\n	at com.jfinal.aop.Invocation.invoke(Invocation.java:67)\r\n	at com.shangsc.platform.core.auth.interceptor.SysLogInterceptor.intercept(SysLogInterceptor.java:44)\r\n	at com.jfinal.aop.Invocation.invoke(Invocation.java:67)\r\n	at com.jfinal.core.ActionHandler.handle(ActionHandler.java:74)\r\n	at com.shangsc.platform.core.handler.ResourceHandler.handle(ResourceHandler.java:26)\r\n	at com.jfinal.plugin.druid.DruidStatViewHandler.handle(DruidStatViewHandler.java:75)\r\n	at com.jfinal.core.JFinalFilter.doFilter(JFinalFilter.java:74)\r\n	at org.apache.catalina.core.ApplicationFilterChain.internalDoFilter(ApplicationFilterChain.java:241)\r\n	at org.apache.catalina.core.ApplicationFilterChain.doFilter(ApplicationFilterChain.java:208)\r\n	at org.apache.catalina.core.StandardWrapperValve.invoke(StandardWrapperValve.java:220)\r\n	at org.apache.catalina.core.StandardContextValve.invoke(StandardContextValve.java:122)\r\n	at org.apache.catalina.authenticator.AuthenticatorBase.invoke(AuthenticatorBase.java:505)\r\n	at org.apache.catalina.core.StandardHostValve.invoke(StandardHostValve.java:170)\r\n	at org.apache.catalina.valves.ErrorReportValve.invoke(ErrorReportValve.java:103)\r\n	at org.apache.catalina.valves.AccessLogValve.invoke(AccessLogValve.java:957)\r\n	at org.apache.catalina.core.StandardEngineValve.invoke(StandardEngineValve.java:116)\r\n	at org.apache.catalina.connector.CoyoteAdapter.service(CoyoteAdapter.java:423)\r\n	at org.apache.coyote.http11.AbstractHttp11Processor.process(AbstractHttp11Processor.java:1079)\r\n	at org.apache.coyote.AbstractProtocol$AbstractConnectionHandler.process(AbstractProtocol.java:620)\r\n	at org.apache.tomcat.util.net.AprEndpoint$SocketProcessor.doRun(AprEndpoint.java:2516)\r\n	at org.apache.tomcat.util.net.AprEndpoint$SocketProcessor.run(AprEndpoint.java:2505)\r\n	at java.util.concurrent.ThreadPoolExecutor.runWorker(ThreadPoolExecutor.java:1145)\r\n	at java.util.concurrent.ThreadPoolExecutor$Worker.run(ThreadPoolExecutor.java:615)\r\n	at org.apache.tomcat.util.threads.TaskThread$WrappingRunnable.run(TaskThread.java:61)\r\n	at java.lang.Thread.run(Thread.java:745)\r\n', '-1', 'com.shangsc.platform.controller.basic.AdController', 'getListData', '2017-08-22 00:53:13', '0', null);
INSERT INTO `sys_log` VALUES ('37798', '1', 'http://localhost/', '127.0.0.1', '/basic/ad/add', null, '', '0', 'com.shangsc.platform.controller.basic.AdController', 'add', '2017-08-22 00:53:14', '1', null);
INSERT INTO `sys_log` VALUES ('37799', '1', 'http://localhost/basic/ad/add', '127.0.0.1', '/basic/ad', null, '', '0', 'com.shangsc.platform.controller.basic.AdController', 'index', '2017-08-22 00:53:15', '0', null);
INSERT INTO `sys_log` VALUES ('37800', '1', 'http://localhost/', '127.0.0.1', '/basic/ad', null, '', '0', 'com.shangsc.platform.controller.basic.AdController', 'index', '2017-08-22 00:54:39', '0', null);
INSERT INTO `sys_log` VALUES ('37801', '1', 'http://localhost/basic/ad', '127.0.0.1', '/basic/ad/getListData', null, 'java.lang.NullPointerException\r\n	at com.shangsc.platform.core.model.BaseModel.getTableName(BaseModel.java:162)\r\n	at com.shangsc.platform.core.model.BaseModel.getPage(BaseModel.java:89)\r\n	at com.shangsc.platform.core.model.BaseModel.getPage(BaseModel.java:83)\r\n	at com.shangsc.platform.controller.basic.AdController.getListData(AdController.java:38)\r\n	at sun.reflect.NativeMethodAccessorImpl.invoke0(Native Method)\r\n	at sun.reflect.NativeMethodAccessorImpl.invoke(NativeMethodAccessorImpl.java:57)\r\n	at sun.reflect.DelegatingMethodAccessorImpl.invoke(DelegatingMethodAccessorImpl.java:43)\r\n	at java.lang.reflect.Method.invoke(Method.java:606)\r\n	at com.jfinal.aop.Invocation.invoke(Invocation.java:73)\r\n	at com.shangsc.platform.core.auth.interceptor.AuthorityInterceptor.intercept(AuthorityInterceptor.java:92)\r\n	at com.jfinal.aop.Invocation.invoke(Invocation.java:67)\r\n	at com.shangsc.platform.core.auth.interceptor.SysLogInterceptor.intercept(SysLogInterceptor.java:44)\r\n	at com.jfinal.aop.Invocation.invoke(Invocation.java:67)\r\n	at com.jfinal.core.ActionHandler.handle(ActionHandler.java:74)\r\n	at com.shangsc.platform.core.handler.ResourceHandler.handle(ResourceHandler.java:26)\r\n	at com.jfinal.plugin.druid.DruidStatViewHandler.handle(DruidStatViewHandler.java:75)\r\n	at com.jfinal.core.JFinalFilter.doFilter(JFinalFilter.java:74)\r\n	at org.apache.catalina.core.ApplicationFilterChain.internalDoFilter(ApplicationFilterChain.java:241)\r\n	at org.apache.catalina.core.ApplicationFilterChain.doFilter(ApplicationFilterChain.java:208)\r\n	at org.apache.catalina.core.StandardWrapperValve.invoke(StandardWrapperValve.java:220)\r\n	at org.apache.catalina.core.StandardContextValve.invoke(StandardContextValve.java:122)\r\n	at org.apache.catalina.authenticator.AuthenticatorBase.invoke(AuthenticatorBase.java:505)\r\n	at org.apache.catalina.core.StandardHostValve.invoke(StandardHostValve.java:170)\r\n	at org.apache.catalina.valves.ErrorReportValve.invoke(ErrorReportValve.java:103)\r\n	at org.apache.catalina.valves.AccessLogValve.invoke(AccessLogValve.java:957)\r\n	at org.apache.catalina.core.StandardEngineValve.invoke(StandardEngineValve.java:116)\r\n	at org.apache.catalina.connector.CoyoteAdapter.service(CoyoteAdapter.java:423)\r\n	at org.apache.coyote.http11.AbstractHttp11Processor.process(AbstractHttp11Processor.java:1079)\r\n	at org.apache.coyote.AbstractProtocol$AbstractConnectionHandler.process(AbstractProtocol.java:620)\r\n	at org.apache.tomcat.util.net.AprEndpoint$SocketProcessor.doRun(AprEndpoint.java:2516)\r\n	at org.apache.tomcat.util.net.AprEndpoint$SocketProcessor.run(AprEndpoint.java:2505)\r\n	at java.util.concurrent.ThreadPoolExecutor.runWorker(ThreadPoolExecutor.java:1145)\r\n	at java.util.concurrent.ThreadPoolExecutor$Worker.run(ThreadPoolExecutor.java:615)\r\n	at org.apache.tomcat.util.threads.TaskThread$WrappingRunnable.run(TaskThread.java:61)\r\n	at java.lang.Thread.run(Thread.java:745)\r\n', '-1', 'com.shangsc.platform.controller.basic.AdController', 'getListData', '2017-08-22 00:54:39', '0', null);
INSERT INTO `sys_log` VALUES ('37802', '1', 'http://localhost/', '127.0.0.1', '/basic/ad', null, '', '0', 'com.shangsc.platform.controller.basic.AdController', 'index', '2017-08-22 00:59:50', '0', null);
INSERT INTO `sys_log` VALUES ('37803', '1', 'http://localhost/basic/ad', '127.0.0.1', '/basic/ad/getListData', null, 'java.lang.NullPointerException\r\n	at com.shangsc.platform.core.model.BaseModel.getTableName(BaseModel.java:162)\r\n	at com.shangsc.platform.core.model.BaseModel.getPage(BaseModel.java:89)\r\n	at com.shangsc.platform.core.model.BaseModel.getPage(BaseModel.java:83)\r\n	at com.shangsc.platform.controller.basic.AdController.getListData(AdController.java:39)\r\n	at sun.reflect.NativeMethodAccessorImpl.invoke0(Native Method)\r\n	at sun.reflect.NativeMethodAccessorImpl.invoke(NativeMethodAccessorImpl.java:57)\r\n	at sun.reflect.DelegatingMethodAccessorImpl.invoke(DelegatingMethodAccessorImpl.java:43)\r\n	at java.lang.reflect.Method.invoke(Method.java:606)\r\n	at com.jfinal.aop.Invocation.invoke(Invocation.java:73)\r\n	at com.shangsc.platform.core.auth.interceptor.AuthorityInterceptor.intercept(AuthorityInterceptor.java:92)\r\n	at com.jfinal.aop.Invocation.invoke(Invocation.java:67)\r\n	at com.shangsc.platform.core.auth.interceptor.SysLogInterceptor.intercept(SysLogInterceptor.java:44)\r\n	at com.jfinal.aop.Invocation.invoke(Invocation.java:67)\r\n	at com.jfinal.core.ActionHandler.handle(ActionHandler.java:74)\r\n	at com.shangsc.platform.core.handler.ResourceHandler.handle(ResourceHandler.java:26)\r\n	at com.jfinal.plugin.druid.DruidStatViewHandler.handle(DruidStatViewHandler.java:75)\r\n	at com.jfinal.core.JFinalFilter.doFilter(JFinalFilter.java:74)\r\n	at org.apache.catalina.core.ApplicationFilterChain.internalDoFilter(ApplicationFilterChain.java:241)\r\n	at org.apache.catalina.core.ApplicationFilterChain.doFilter(ApplicationFilterChain.java:208)\r\n	at org.apache.catalina.core.StandardWrapperValve.invoke(StandardWrapperValve.java:220)\r\n	at org.apache.catalina.core.StandardContextValve.invoke(StandardContextValve.java:122)\r\n	at org.apache.catalina.authenticator.AuthenticatorBase.invoke(AuthenticatorBase.java:505)\r\n	at org.apache.catalina.core.StandardHostValve.invoke(StandardHostValve.java:170)\r\n	at org.apache.catalina.valves.ErrorReportValve.invoke(ErrorReportValve.java:103)\r\n	at org.apache.catalina.valves.AccessLogValve.invoke(AccessLogValve.java:957)\r\n	at org.apache.catalina.core.StandardEngineValve.invoke(StandardEngineValve.java:116)\r\n	at org.apache.catalina.connector.CoyoteAdapter.service(CoyoteAdapter.java:423)\r\n	at org.apache.coyote.http11.AbstractHttp11Processor.process(AbstractHttp11Processor.java:1079)\r\n	at org.apache.coyote.AbstractProtocol$AbstractConnectionHandler.process(AbstractProtocol.java:620)\r\n	at org.apache.tomcat.util.net.AprEndpoint$SocketProcessor.doRun(AprEndpoint.java:2516)\r\n	at org.apache.tomcat.util.net.AprEndpoint$SocketProcessor.run(AprEndpoint.java:2505)\r\n	at java.util.concurrent.ThreadPoolExecutor.runWorker(ThreadPoolExecutor.java:1145)\r\n	at java.util.concurrent.ThreadPoolExecutor$Worker.run(ThreadPoolExecutor.java:615)\r\n	at org.apache.tomcat.util.threads.TaskThread$WrappingRunnable.run(TaskThread.java:61)\r\n	at java.lang.Thread.run(Thread.java:745)\r\n', '-1', 'com.shangsc.platform.controller.basic.AdController', 'getListData', '2017-08-22 00:59:50', '1', null);
INSERT INTO `sys_log` VALUES ('37804', '1', 'http://localhost/', '127.0.0.1', '/basic/ad/add', null, '', '0', 'com.shangsc.platform.controller.basic.AdController', 'add', '2017-08-22 00:59:51', '0', null);
INSERT INTO `sys_log` VALUES ('37805', '1', 'http://localhost/basic/ad/add', '127.0.0.1', '/basic/ad', null, '', '0', 'com.shangsc.platform.controller.basic.AdController', 'index', '2017-08-22 00:59:52', '0', null);
INSERT INTO `sys_log` VALUES ('37806', '1', 'http://localhost/basic/ad/add', '127.0.0.1', '/basic/ad/save', null, 'java.lang.NullPointerException\r\n	at com.jfinal.plugin.activerecord.Model.save(Model.java:404)\r\n	at com.shangsc.platform.model.Ad.save(Ad.java:28)\r\n	at com.shangsc.platform.controller.basic.AdController.save(AdController.java:67)\r\n	at sun.reflect.NativeMethodAccessorImpl.invoke0(Native Method)\r\n	at sun.reflect.NativeMethodAccessorImpl.invoke(NativeMethodAccessorImpl.java:57)\r\n	at sun.reflect.DelegatingMethodAccessorImpl.invoke(DelegatingMethodAccessorImpl.java:43)\r\n	at java.lang.reflect.Method.invoke(Method.java:606)\r\n	at com.jfinal.aop.Invocation.invoke(Invocation.java:73)\r\n	at com.shangsc.platform.core.auth.interceptor.AuthorityInterceptor.intercept(AuthorityInterceptor.java:92)\r\n	at com.jfinal.aop.Invocation.invoke(Invocation.java:67)\r\n	at com.shangsc.platform.core.auth.interceptor.SysLogInterceptor.intercept(SysLogInterceptor.java:44)\r\n	at com.jfinal.aop.Invocation.invoke(Invocation.java:67)\r\n	at com.jfinal.core.ActionHandler.handle(ActionHandler.java:74)\r\n	at com.shangsc.platform.core.handler.ResourceHandler.handle(ResourceHandler.java:26)\r\n	at com.jfinal.plugin.druid.DruidStatViewHandler.handle(DruidStatViewHandler.java:75)\r\n	at com.jfinal.core.JFinalFilter.doFilter(JFinalFilter.java:74)\r\n	at org.apache.catalina.core.ApplicationFilterChain.internalDoFilter(ApplicationFilterChain.java:241)\r\n	at org.apache.catalina.core.ApplicationFilterChain.doFilter(ApplicationFilterChain.java:208)\r\n	at org.apache.catalina.core.StandardWrapperValve.invoke(StandardWrapperValve.java:220)\r\n	at org.apache.catalina.core.StandardContextValve.invoke(StandardContextValve.java:122)\r\n	at org.apache.catalina.authenticator.AuthenticatorBase.invoke(AuthenticatorBase.java:505)\r\n	at org.apache.catalina.core.StandardHostValve.invoke(StandardHostValve.java:170)\r\n	at org.apache.catalina.valves.ErrorReportValve.invoke(ErrorReportValve.java:103)\r\n	at org.apache.catalina.valves.AccessLogValve.invoke(AccessLogValve.java:957)\r\n	at org.apache.catalina.core.StandardEngineValve.invoke(StandardEngineValve.java:116)\r\n	at org.apache.catalina.connector.CoyoteAdapter.service(CoyoteAdapter.java:423)\r\n	at org.apache.coyote.http11.AbstractHttp11Processor.process(AbstractHttp11Processor.java:1079)\r\n	at org.apache.coyote.AbstractProtocol$AbstractConnectionHandler.process(AbstractProtocol.java:620)\r\n	at org.apache.tomcat.util.net.AprEndpoint$SocketProcessor.doRun(AprEndpoint.java:2516)\r\n	at org.apache.tomcat.util.net.AprEndpoint$SocketProcessor.run(AprEndpoint.java:2505)\r\n	at java.util.concurrent.ThreadPoolExecutor.runWorker(ThreadPoolExecutor.java:1145)\r\n	at java.util.concurrent.ThreadPoolExecutor$Worker.run(ThreadPoolExecutor.java:615)\r\n	at org.apache.tomcat.util.threads.TaskThread$WrappingRunnable.run(TaskThread.java:61)\r\n	at java.lang.Thread.run(Thread.java:745)\r\n', '-1', 'com.shangsc.platform.controller.basic.AdController', 'save', '2017-08-22 01:00:22', '7165', null);
INSERT INTO `sys_log` VALUES ('37807', '1', 'http://localhost/', '127.0.0.1', '/statis/actual', null, '', '0', 'com.shangsc.platform.controller.statis.ActualController', 'index', '2017-08-22 01:00:58', '3148', null);
INSERT INTO `sys_log` VALUES ('37808', '1', 'http://localhost/', '127.0.0.1', '/basic/company', null, '', '0', 'com.shangsc.platform.controller.basic.CompanyController', 'index', '2017-08-22 01:01:08', '0', null);
INSERT INTO `sys_log` VALUES ('37809', '1', 'http://localhost/basic/company', '127.0.0.1', '/basic/company/getListData', null, '', '0', 'com.shangsc.platform.controller.basic.CompanyController', 'getListData', '2017-08-22 01:01:08', '2', null);
INSERT INTO `sys_log` VALUES ('37810', '1', 'http://localhost/', '127.0.0.1', '/basic/meter', null, '', '0', 'com.shangsc.platform.controller.basic.MeterController', 'index', '2017-08-22 01:01:08', '0', null);
INSERT INTO `sys_log` VALUES ('37811', '1', 'http://localhost/basic/meter', '127.0.0.1', '/basic/meter/getListData', null, '', '0', 'com.shangsc.platform.controller.basic.MeterController', 'getListData', '2017-08-22 01:01:08', '1', null);
INSERT INTO `sys_log` VALUES ('37812', '1', 'http://localhost/', '127.0.0.1', '/basic/well', null, '', '0', 'com.shangsc.platform.controller.basic.WellController', 'index', '2017-08-22 01:01:09', '0', null);
INSERT INTO `sys_log` VALUES ('37813', '1', 'http://localhost/basic/well', '127.0.0.1', '/basic/well/getListData', null, '', '0', 'com.shangsc.platform.controller.basic.WellController', 'getListData', '2017-08-22 01:01:09', '1', null);
INSERT INTO `sys_log` VALUES ('37814', '1', 'http://localhost/', '127.0.0.1', '/basic/waterindex', null, '', '0', 'com.shangsc.platform.controller.basic.WaterIndexController', 'index', '2017-08-22 01:01:09', '0', null);
INSERT INTO `sys_log` VALUES ('37815', '1', 'http://localhost/basic/waterindex', '127.0.0.1', '/basic/waterindex/getListData', null, '', '0', 'com.shangsc.platform.controller.basic.WaterIndexController', 'getListData', '2017-08-22 01:01:10', '3', null);
INSERT INTO `sys_log` VALUES ('37816', '1', 'http://localhost/', '127.0.0.1', '/statis/readnum', null, '', '0', 'com.shangsc.platform.controller.statis.ReadnumStatisController', 'index', '2017-08-22 01:01:15', '0', null);
INSERT INTO `sys_log` VALUES ('37817', '1', 'http://localhost/statis/readnum', '127.0.0.1', '/basic/company/getListData', null, '', '0', 'com.shangsc.platform.controller.basic.CompanyController', 'getListData', '2017-08-22 01:01:15', '4', null);
INSERT INTO `sys_log` VALUES ('37818', '1', 'http://localhost/', '127.0.0.1', '/statis/month', null, '', '0', 'com.shangsc.platform.controller.statis.MonthStatisController', 'index', '2017-08-22 01:01:17', '0', null);
INSERT INTO `sys_log` VALUES ('37819', '1', 'http://localhost/statis/month', '127.0.0.1', '/basic/company/getListData', null, '', '0', 'com.shangsc.platform.controller.basic.CompanyController', 'getListData', '2017-08-22 01:01:17', '2', null);
INSERT INTO `sys_log` VALUES ('37820', '1', 'http://localhost/', '127.0.0.1', '/basic/company/add', null, '', '0', 'com.shangsc.platform.controller.basic.CompanyController', 'add', '2017-08-22 01:01:20', '0', null);
INSERT INTO `sys_log` VALUES ('37821', '1', 'http://localhost/', '127.0.0.1', '/statis/year', null, '', '0', 'com.shangsc.platform.controller.statis.YearStatisController', 'index', '2017-08-22 01:01:24', '0', null);
INSERT INTO `sys_log` VALUES ('37822', '1', 'http://localhost/statis/year', '127.0.0.1', '/basic/company/getListData', null, '', '0', 'com.shangsc.platform.controller.basic.CompanyController', 'getListData', '2017-08-22 01:01:24', '3', null);
INSERT INTO `sys_log` VALUES ('37823', '1', 'http://localhost/', '127.0.0.1', '/statis/readnum', null, '', '0', 'com.shangsc.platform.controller.statis.ReadnumStatisController', 'index', '2017-08-22 01:03:08', '1', null);
INSERT INTO `sys_log` VALUES ('37824', '1', 'http://localhost/statis/readnum', '127.0.0.1', '/basic/company/getListData', null, '', '0', 'com.shangsc.platform.controller.basic.CompanyController', 'getListData', '2017-08-22 01:03:08', '2', null);
INSERT INTO `sys_log` VALUES ('37825', '1', 'http://localhost/', '127.0.0.1', '/statis/month', null, '', '0', 'com.shangsc.platform.controller.statis.MonthStatisController', 'index', '2017-08-22 01:03:09', '1', null);
INSERT INTO `sys_log` VALUES ('37826', '1', 'http://localhost/statis/month', '127.0.0.1', '/basic/company/getListData', null, '', '0', 'com.shangsc.platform.controller.basic.CompanyController', 'getListData', '2017-08-22 01:03:09', '2', null);
INSERT INTO `sys_log` VALUES ('37827', '1', 'http://localhost/', '127.0.0.1', '/statis/daily', null, '', '0', 'com.shangsc.platform.controller.statis.DailyStatisController', 'index', '2017-08-22 01:03:11', '0', null);
INSERT INTO `sys_log` VALUES ('37828', '1', 'http://localhost/statis/daily', '127.0.0.1', '/basic/company/getListData', null, '', '0', 'com.shangsc.platform.controller.basic.CompanyController', 'getListData', '2017-08-22 01:03:11', '2', null);
INSERT INTO `sys_log` VALUES ('37829', '1', 'http://localhost/', '127.0.0.1', '/statis/daily', null, '', '0', 'com.shangsc.platform.controller.statis.DailyStatisController', 'index', '2017-08-22 01:03:39', '0', null);
INSERT INTO `sys_log` VALUES ('37830', '1', 'http://localhost/statis/daily', '127.0.0.1', '/basic/company/getListData', null, '', '0', 'com.shangsc.platform.controller.basic.CompanyController', 'getListData', '2017-08-22 01:03:40', '2', null);
INSERT INTO `sys_log` VALUES ('37831', '1', 'http://localhost/', '127.0.0.1', '/statis/daily', null, '', '0', 'com.shangsc.platform.controller.statis.DailyStatisController', 'index', '2017-08-22 01:04:23', '0', null);
INSERT INTO `sys_log` VALUES ('37832', '1', 'http://localhost/statis/daily', '127.0.0.1', '/basic/company/getListData', null, '', '0', 'com.shangsc.platform.controller.basic.CompanyController', 'getListData', '2017-08-22 01:04:23', '2', null);
INSERT INTO `sys_log` VALUES ('37833', '1', 'http://localhost/', '127.0.0.1', '/statis/daily', null, '', '0', 'com.shangsc.platform.controller.statis.DailyStatisController', 'index', '2017-08-22 01:04:31', '1', null);
INSERT INTO `sys_log` VALUES ('37834', '1', 'http://localhost/statis/daily', '127.0.0.1', '/basic/company/getListData', null, '', '0', 'com.shangsc.platform.controller.basic.CompanyController', 'getListData', '2017-08-22 01:04:31', '3', null);
INSERT INTO `sys_log` VALUES ('37835', '1', 'http://localhost/', '127.0.0.1', '/statis/daily', null, '', '0', 'com.shangsc.platform.controller.statis.DailyStatisController', 'index', '2017-08-22 01:04:40', '0', null);
INSERT INTO `sys_log` VALUES ('37836', '1', 'http://localhost/statis/daily', '127.0.0.1', '/basic/company/getListData', null, '', '0', 'com.shangsc.platform.controller.basic.CompanyController', 'getListData', '2017-08-22 01:04:40', '3', null);
INSERT INTO `sys_log` VALUES ('37837', '1', 'http://localhost/', '127.0.0.1', '/statis/daily', null, '', '0', 'com.shangsc.platform.controller.statis.DailyStatisController', 'index', '2017-08-22 01:05:00', '0', null);
INSERT INTO `sys_log` VALUES ('37838', '1', 'http://localhost/statis/daily', '127.0.0.1', '/basic/company/getListData', null, '', '0', 'com.shangsc.platform.controller.basic.CompanyController', 'getListData', '2017-08-22 01:05:00', '2', null);
INSERT INTO `sys_log` VALUES ('37839', '1', 'http://localhost/', '127.0.0.1', '/statis/daily', null, '', '0', 'com.shangsc.platform.controller.statis.DailyStatisController', 'index', '2017-08-22 01:05:43', '1', null);
INSERT INTO `sys_log` VALUES ('37840', '1', 'http://localhost/statis/daily', '127.0.0.1', '/basic/company/getListData', null, '', '0', 'com.shangsc.platform.controller.basic.CompanyController', 'getListData', '2017-08-22 01:05:44', '5', null);
INSERT INTO `sys_log` VALUES ('37841', '1', 'http://localhost/', '127.0.0.1', '/statis/daily', null, '', '0', 'com.shangsc.platform.controller.statis.DailyStatisController', 'index', '2017-08-22 01:09:42', '0', null);
INSERT INTO `sys_log` VALUES ('37842', '1', 'http://localhost/statis/daily', '127.0.0.1', '/basic/company/getListData', null, '', '0', 'com.shangsc.platform.controller.basic.CompanyController', 'getListData', '2017-08-22 01:09:43', '2', null);
INSERT INTO `sys_log` VALUES ('37843', '1', 'http://localhost/', '127.0.0.1', '/statis/month', null, '', '0', 'com.shangsc.platform.controller.statis.MonthStatisController', 'index', '2017-08-22 01:09:59', '1', null);
INSERT INTO `sys_log` VALUES ('37844', '1', 'http://localhost/statis/month', '127.0.0.1', '/basic/company/getListData', null, '', '0', 'com.shangsc.platform.controller.basic.CompanyController', 'getListData', '2017-08-22 01:09:59', '2', null);
INSERT INTO `sys_log` VALUES ('37845', '1', 'http://localhost/', '127.0.0.1', '/statis/year', null, '', '0', 'com.shangsc.platform.controller.statis.YearStatisController', 'index', '2017-08-22 01:10:01', '1', null);
INSERT INTO `sys_log` VALUES ('37846', '1', 'http://localhost/statis/year', '127.0.0.1', '/basic/company/getListData', null, '', '0', 'com.shangsc.platform.controller.basic.CompanyController', 'getListData', '2017-08-22 01:10:01', '4', null);
INSERT INTO `sys_log` VALUES ('37847', '1', 'http://localhost/', '127.0.0.1', '/statis/readnum', null, '', '0', 'com.shangsc.platform.controller.statis.ReadnumStatisController', 'index', '2017-08-22 01:10:04', '0', null);
INSERT INTO `sys_log` VALUES ('37848', '1', 'http://localhost/statis/readnum', '127.0.0.1', '/basic/company/getListData', null, '', '0', 'com.shangsc.platform.controller.basic.CompanyController', 'getListData', '2017-08-22 01:10:04', '3', null);
INSERT INTO `sys_log` VALUES ('37849', '1', 'http://localhost/', '127.0.0.1', '/statis/readnum', null, '', '0', 'com.shangsc.platform.controller.statis.ReadnumStatisController', 'index', '2017-08-22 01:10:15', '0', null);
INSERT INTO `sys_log` VALUES ('37850', '1', 'http://localhost/statis/readnum', '127.0.0.1', '/basic/company/getListData', null, '', '0', 'com.shangsc.platform.controller.basic.CompanyController', 'getListData', '2017-08-22 01:10:15', '2', null);
INSERT INTO `sys_log` VALUES ('37851', '1', 'http://localhost/', '127.0.0.1', '/statis/daily', null, '', '0', 'com.shangsc.platform.controller.statis.DailyStatisController', 'index', '2017-08-22 01:10:28', '0', null);
INSERT INTO `sys_log` VALUES ('37852', '1', 'http://localhost/statis/daily', '127.0.0.1', '/basic/company/getListData', null, '', '0', 'com.shangsc.platform.controller.basic.CompanyController', 'getListData', '2017-08-22 01:10:28', '2', null);
INSERT INTO `sys_log` VALUES ('37853', '1', 'http://localhost/', '127.0.0.1', '/statis/month', null, '', '0', 'com.shangsc.platform.controller.statis.MonthStatisController', 'index', '2017-08-22 01:10:29', '0', null);
INSERT INTO `sys_log` VALUES ('37854', '1', 'http://localhost/statis/month', '127.0.0.1', '/basic/company/getListData', null, '', '0', 'com.shangsc.platform.controller.basic.CompanyController', 'getListData', '2017-08-22 01:10:29', '2', null);
INSERT INTO `sys_log` VALUES ('37855', '1', 'http://localhost/', '127.0.0.1', '/statis/year', null, '', '0', 'com.shangsc.platform.controller.statis.YearStatisController', 'index', '2017-08-22 01:10:29', '1', null);
INSERT INTO `sys_log` VALUES ('37856', '1', 'http://localhost/statis/year', '127.0.0.1', '/basic/company/getListData', null, '', '0', 'com.shangsc.platform.controller.basic.CompanyController', 'getListData', '2017-08-22 01:10:30', '2', null);
INSERT INTO `sys_log` VALUES ('37857', '1', 'http://localhost/', '127.0.0.1', '/basic/company', null, '', '0', 'com.shangsc.platform.controller.basic.CompanyController', 'index', '2017-08-22 01:10:33', '0', null);
INSERT INTO `sys_log` VALUES ('37858', '1', 'http://localhost/basic/company', '127.0.0.1', '/basic/company/getListData', null, '', '0', 'com.shangsc.platform.controller.basic.CompanyController', 'getListData', '2017-08-22 01:10:33', '2', null);
INSERT INTO `sys_log` VALUES ('37859', '1', 'http://localhost/', '127.0.0.1', '/basic/meter', null, '', '0', 'com.shangsc.platform.controller.basic.MeterController', 'index', '2017-08-22 01:10:37', '0', null);
INSERT INTO `sys_log` VALUES ('37860', '1', 'http://localhost/basic/meter', '127.0.0.1', '/basic/meter/getListData', null, '', '0', 'com.shangsc.platform.controller.basic.MeterController', 'getListData', '2017-08-22 01:10:37', '1', null);
INSERT INTO `sys_log` VALUES ('37861', '1', 'http://localhost/', '127.0.0.1', '/basic/well', null, '', '0', 'com.shangsc.platform.controller.basic.WellController', 'index', '2017-08-22 01:10:38', '0', null);
INSERT INTO `sys_log` VALUES ('37862', '1', 'http://localhost/basic/well', '127.0.0.1', '/basic/well/getListData', null, '', '0', 'com.shangsc.platform.controller.basic.WellController', 'getListData', '2017-08-22 01:10:38', '1', null);
INSERT INTO `sys_log` VALUES ('37863', '1', 'http://localhost/', '127.0.0.1', '/basic/waterindex', null, '', '0', 'com.shangsc.platform.controller.basic.WaterIndexController', 'index', '2017-08-22 01:10:38', '0', null);
INSERT INTO `sys_log` VALUES ('37864', '1', 'http://localhost/basic/waterindex', '127.0.0.1', '/basic/waterindex/getListData', null, '', '0', 'com.shangsc.platform.controller.basic.WaterIndexController', 'getListData', '2017-08-22 01:10:39', '2', null);
INSERT INTO `sys_log` VALUES ('37865', '1', 'http://localhost/', '127.0.0.1', '/statis/actual', null, '', '0', 'com.shangsc.platform.controller.statis.ActualController', 'index', '2017-08-22 01:10:40', '0', null);
INSERT INTO `sys_log` VALUES ('37866', '1', 'http://localhost/', '127.0.0.1', '/statis/actual', null, '', '0', 'com.shangsc.platform.controller.statis.ActualController', 'index', '2017-08-22 01:12:38', '0', null);
INSERT INTO `sys_log` VALUES ('37867', '1', 'http://localhost/statis/actual', '127.0.0.1', '/statis/actual/getListData', null, '', '0', 'com.shangsc.platform.controller.statis.ActualController', 'getListData', '2017-08-22 01:12:39', '3', null);
INSERT INTO `sys_log` VALUES ('37868', '1', 'http://localhost/', '127.0.0.1', '/statis/actual/add', null, '', '0', 'com.shangsc.platform.controller.statis.ActualController', 'add', '2017-08-22 01:12:42', '2484', null);
INSERT INTO `sys_log` VALUES ('37869', '1', 'http://localhost/', '127.0.0.1', '/statis/actual', null, '', '0', 'com.shangsc.platform.controller.statis.ActualController', 'index', '2017-08-22 01:13:23', '0', null);
INSERT INTO `sys_log` VALUES ('37870', '1', 'http://localhost/statis/actual', '127.0.0.1', '/statis/actual/getListData', null, '', '0', 'com.shangsc.platform.controller.statis.ActualController', 'getListData', '2017-08-22 01:13:23', '1', null);
INSERT INTO `sys_log` VALUES ('37871', '1', 'http://localhost/', '127.0.0.1', '/statis/actual/add', null, '', '0', 'com.shangsc.platform.controller.statis.ActualController', 'add', '2017-08-22 01:13:25', '2805', null);
INSERT INTO `sys_log` VALUES ('37872', '1', 'http://localhost/', '127.0.0.1', '/statis/actual', null, '', '0', 'com.shangsc.platform.controller.statis.ActualController', 'index', '2017-08-22 01:13:56', '0', null);
INSERT INTO `sys_log` VALUES ('37873', '1', 'http://localhost/statis/actual', '127.0.0.1', '/statis/actual/getListData', null, '', '0', 'com.shangsc.platform.controller.statis.ActualController', 'getListData', '2017-08-22 01:13:56', '0', null);
INSERT INTO `sys_log` VALUES ('37874', '1', 'http://localhost/', '127.0.0.1', '/statis/actual/add', null, '', '0', 'com.shangsc.platform.controller.statis.ActualController', 'add', '2017-08-22 01:13:58', '0', null);
INSERT INTO `sys_log` VALUES ('37875', '1', 'http://localhost/', '127.0.0.1', '/basic/company', null, '', '0', 'com.shangsc.platform.controller.basic.CompanyController', 'index', '2017-08-22 01:15:43', '0', null);
INSERT INTO `sys_log` VALUES ('37876', '1', 'http://localhost/basic/company', '127.0.0.1', '/basic/company/getListData', null, '', '0', 'com.shangsc.platform.controller.basic.CompanyController', 'getListData', '2017-08-22 01:15:44', '2', null);
INSERT INTO `sys_log` VALUES ('37877', '1', 'http://localhost/', '127.0.0.1', '/basic/meter', null, '', '0', 'com.shangsc.platform.controller.basic.MeterController', 'index', '2017-08-22 01:15:45', '1', null);
INSERT INTO `sys_log` VALUES ('37878', '1', 'http://localhost/basic/meter', '127.0.0.1', '/basic/meter/getListData', null, '', '0', 'com.shangsc.platform.controller.basic.MeterController', 'getListData', '2017-08-22 01:15:45', '2', null);
INSERT INTO `sys_log` VALUES ('37879', '1', 'http://localhost/', '127.0.0.1', '/basic/well', null, '', '0', 'com.shangsc.platform.controller.basic.WellController', 'index', '2017-08-22 01:15:46', '0', null);
INSERT INTO `sys_log` VALUES ('37880', '1', 'http://localhost/basic/well', '127.0.0.1', '/basic/well/getListData', null, '', '0', 'com.shangsc.platform.controller.basic.WellController', 'getListData', '2017-08-22 01:15:46', '1', null);
INSERT INTO `sys_log` VALUES ('37881', '1', 'http://localhost/', '127.0.0.1', '/basic/waterindex', null, '', '0', 'com.shangsc.platform.controller.basic.WaterIndexController', 'index', '2017-08-22 01:15:47', '0', null);
INSERT INTO `sys_log` VALUES ('37882', '1', 'http://localhost/basic/waterindex', '127.0.0.1', '/basic/waterindex/getListData', null, '', '0', 'com.shangsc.platform.controller.basic.WaterIndexController', 'getListData', '2017-08-22 01:15:47', '1', null);
INSERT INTO `sys_log` VALUES ('37883', '1', 'http://localhost/', '127.0.0.1', '/basic/waterindex', null, '', '0', 'com.shangsc.platform.controller.basic.WaterIndexController', 'index', '2017-08-22 01:17:21', '1', null);
INSERT INTO `sys_log` VALUES ('37884', '1', 'http://localhost/basic/waterindex', '127.0.0.1', '/basic/waterindex/getListData', null, '', '0', 'com.shangsc.platform.controller.basic.WaterIndexController', 'getListData', '2017-08-22 01:17:21', '3', null);
INSERT INTO `sys_log` VALUES ('37885', '1', 'http://localhost/', '127.0.0.1', '/basic/waterindex/add', null, '', '0', 'com.shangsc.platform.controller.basic.WaterIndexController', 'add', '2017-08-22 01:17:40', '2', null);
INSERT INTO `sys_log` VALUES ('37886', '1', 'http://localhost/', '127.0.0.1', '/basic/waterindex/add', null, '', '0', 'com.shangsc.platform.controller.basic.WaterIndexController', 'add', '2017-08-22 01:18:35', '2', null);
INSERT INTO `sys_log` VALUES ('37887', '1', 'http://localhost/', '127.0.0.1', '/basic/waterindex', null, '', '0', 'com.shangsc.platform.controller.basic.WaterIndexController', 'index', '2017-08-22 01:20:27', '0', null);
INSERT INTO `sys_log` VALUES ('37888', '1', 'http://localhost/basic/waterindex', '127.0.0.1', '/basic/waterindex/getListData', null, '', '0', 'com.shangsc.platform.controller.basic.WaterIndexController', 'getListData', '2017-08-22 01:20:27', '1', null);
INSERT INTO `sys_log` VALUES ('37889', '1', 'http://localhost/', '127.0.0.1', '/basic/waterindex/add', null, '', '0', 'com.shangsc.platform.controller.basic.WaterIndexController', 'add', '2017-08-22 01:20:29', '3', null);
INSERT INTO `sys_log` VALUES ('37890', '1', 'http://localhost/basic/waterindex/add?id=1', '127.0.0.1', '/basic/waterindex/save', null, '', '0', 'com.shangsc.platform.controller.basic.WaterIndexController', 'save', '2017-08-22 01:20:34', '1891', null);
INSERT INTO `sys_log` VALUES ('37891', '1', 'http://localhost/basic/waterindex', '127.0.0.1', '/basic/waterindex/getListData', null, '', '0', 'com.shangsc.platform.controller.basic.WaterIndexController', 'getListData', '2017-08-22 01:20:35', '2', null);
INSERT INTO `sys_log` VALUES ('37892', '1', 'http://localhost/', '127.0.0.1', '/basic/waterindex/add', null, '', '0', 'com.shangsc.platform.controller.basic.WaterIndexController', 'add', '2017-08-22 01:21:04', '0', null);
INSERT INTO `sys_log` VALUES ('37893', '1', 'http://localhost/', '127.0.0.1', '/basic/waterindex', null, '', '0', 'com.shangsc.platform.controller.basic.WaterIndexController', 'index', '2017-08-22 01:21:07', '0', null);
INSERT INTO `sys_log` VALUES ('37894', '1', 'http://localhost/basic/waterindex', '127.0.0.1', '/basic/waterindex/getListData', null, '', '0', 'com.shangsc.platform.controller.basic.WaterIndexController', 'getListData', '2017-08-22 01:21:07', '4', null);
INSERT INTO `sys_log` VALUES ('37895', '1', 'http://localhost/', '127.0.0.1', '/basic/waterindex/add', null, '', '0', 'com.shangsc.platform.controller.basic.WaterIndexController', 'add', '2017-08-22 01:21:08', '0', null);
INSERT INTO `sys_log` VALUES ('37896', '1', 'http://localhost/', '127.0.0.1', '/basic/waterindex/add', null, '', '0', 'com.shangsc.platform.controller.basic.WaterIndexController', 'add', '2017-08-22 01:21:53', '1', null);
INSERT INTO `sys_log` VALUES ('37897', '1', 'http://localhost/basic/waterindex/add?id=1', '127.0.0.1', '/basic/waterindex/save', null, '', '0', 'com.shangsc.platform.controller.basic.WaterIndexController', 'save', '2017-08-22 01:21:59', '1791', null);
INSERT INTO `sys_log` VALUES ('37898', '1', 'http://localhost/basic/waterindex', '127.0.0.1', '/basic/waterindex/getListData', null, '', '0', 'com.shangsc.platform.controller.basic.WaterIndexController', 'getListData', '2017-08-22 01:22:01', '2', null);
INSERT INTO `sys_log` VALUES ('37899', '1', 'http://localhost/', '127.0.0.1', '/basic/well', null, '', '0', 'com.shangsc.platform.controller.basic.WellController', 'index', '2017-08-22 01:22:15', '0', null);
INSERT INTO `sys_log` VALUES ('37900', '1', 'http://localhost/basic/well', '127.0.0.1', '/basic/well/getListData', null, '', '0', 'com.shangsc.platform.controller.basic.WellController', 'getListData', '2017-08-22 01:22:16', '1', null);
INSERT INTO `sys_log` VALUES ('37901', '1', 'http://localhost/', '127.0.0.1', '/basic/meter', null, '', '0', 'com.shangsc.platform.controller.basic.MeterController', 'index', '2017-08-22 01:22:16', '0', null);
INSERT INTO `sys_log` VALUES ('37902', '1', 'http://localhost/basic/meter', '127.0.0.1', '/basic/meter/getListData', null, '', '0', 'com.shangsc.platform.controller.basic.MeterController', 'getListData', '2017-08-22 01:22:16', '1', null);
INSERT INTO `sys_log` VALUES ('37903', '1', 'http://localhost/', '127.0.0.1', '/basic/company', null, '', '0', 'com.shangsc.platform.controller.basic.CompanyController', 'index', '2017-08-22 01:22:18', '0', null);
INSERT INTO `sys_log` VALUES ('37904', '1', 'http://localhost/basic/company', '127.0.0.1', '/basic/company/getListData', null, '', '0', 'com.shangsc.platform.controller.basic.CompanyController', 'getListData', '2017-08-22 01:22:18', '2', null);
INSERT INTO `sys_log` VALUES ('37905', '1', 'http://localhost/', '127.0.0.1', '/statis/readnum', null, '', '0', 'com.shangsc.platform.controller.statis.ReadnumStatisController', 'index', '2017-08-22 01:22:21', '0', null);
INSERT INTO `sys_log` VALUES ('37906', '1', 'http://localhost/statis/readnum', '127.0.0.1', '/basic/company/getListData', null, '', '0', 'com.shangsc.platform.controller.basic.CompanyController', 'getListData', '2017-08-22 01:22:21', '2', null);
INSERT INTO `sys_log` VALUES ('37907', '1', 'http://localhost/', '127.0.0.1', '/statis/daily', null, '', '0', 'com.shangsc.platform.controller.statis.DailyStatisController', 'index', '2017-08-22 01:22:21', '0', null);
INSERT INTO `sys_log` VALUES ('37908', '1', 'http://localhost/statis/daily', '127.0.0.1', '/basic/company/getListData', null, '', '0', 'com.shangsc.platform.controller.basic.CompanyController', 'getListData', '2017-08-22 01:22:22', '4', null);
INSERT INTO `sys_log` VALUES ('37909', '1', 'http://localhost/', '127.0.0.1', '/statis/month', null, '', '0', 'com.shangsc.platform.controller.statis.MonthStatisController', 'index', '2017-08-22 01:22:23', '0', null);
INSERT INTO `sys_log` VALUES ('37910', '1', 'http://localhost/statis/month', '127.0.0.1', '/basic/company/getListData', null, '', '0', 'com.shangsc.platform.controller.basic.CompanyController', 'getListData', '2017-08-22 01:22:23', '4', null);
INSERT INTO `sys_log` VALUES ('37911', '1', 'http://localhost/', '127.0.0.1', '/statis/year', null, '', '0', 'com.shangsc.platform.controller.statis.YearStatisController', 'index', '2017-08-22 01:22:23', '0', null);
INSERT INTO `sys_log` VALUES ('37912', '1', 'http://localhost/statis/year', '127.0.0.1', '/basic/company/getListData', null, '', '0', 'com.shangsc.platform.controller.basic.CompanyController', 'getListData', '2017-08-22 01:22:23', '2', null);
INSERT INTO `sys_log` VALUES ('37913', '1', 'http://localhost/', '127.0.0.1', '/statis/readnum', null, '', '0', 'com.shangsc.platform.controller.statis.ReadnumStatisController', 'index', '2017-08-22 01:27:44', '0', null);
INSERT INTO `sys_log` VALUES ('37914', '1', 'http://localhost/', '127.0.0.1', '/statis/daily', null, '', '0', 'com.shangsc.platform.controller.statis.DailyStatisController', 'index', '2017-08-22 01:27:47', '0', null);
INSERT INTO `sys_log` VALUES ('37915', '1', 'http://localhost/statis/daily', '127.0.0.1', '/statis/daily/getListData', null, '', '0', 'com.shangsc.platform.controller.statis.DailyStatisController', 'getListData', '2017-08-22 01:27:48', '0', null);
INSERT INTO `sys_log` VALUES ('37916', '1', 'http://localhost/', '127.0.0.1', '/statis/month', null, '', '0', 'com.shangsc.platform.controller.statis.MonthStatisController', 'index', '2017-08-22 01:27:48', '0', null);
INSERT INTO `sys_log` VALUES ('37917', '1', 'http://localhost/statis/month', '127.0.0.1', '/statis/month/getListData', null, '', '0', 'com.shangsc.platform.controller.statis.MonthStatisController', 'getListData', '2017-08-22 01:27:48', '1', null);
INSERT INTO `sys_log` VALUES ('37918', '1', 'http://localhost/', '127.0.0.1', '/statis/year', null, '', '0', 'com.shangsc.platform.controller.statis.YearStatisController', 'index', '2017-08-22 01:27:49', '0', null);
INSERT INTO `sys_log` VALUES ('37919', '1', 'http://localhost/statis/year', '127.0.0.1', '/statis/year/getListData', null, '', '0', 'com.shangsc.platform.controller.statis.YearStatisController', 'getListData', '2017-08-22 01:27:49', '0', null);
INSERT INTO `sys_log` VALUES ('37920', '1', 'http://localhost/', '127.0.0.1', '/statis/actual', null, '', '0', 'com.shangsc.platform.controller.statis.ActualController', 'index', '2017-08-22 01:29:33', '0', null);
INSERT INTO `sys_log` VALUES ('37921', '1', 'http://localhost/statis/actual', '127.0.0.1', '/statis/actual/getListData', null, '', '0', 'com.shangsc.platform.controller.statis.ActualController', 'getListData', '2017-08-22 01:29:33', '1', null);
INSERT INTO `sys_log` VALUES ('37922', '1', 'http://localhost/', '127.0.0.1', '/basic/company', null, '', '0', 'com.shangsc.platform.controller.basic.CompanyController', 'index', '2017-08-22 01:29:37', '0', null);
INSERT INTO `sys_log` VALUES ('37923', '1', 'http://localhost/basic/company', '127.0.0.1', '/basic/company/getListData', null, '', '0', 'com.shangsc.platform.controller.basic.CompanyController', 'getListData', '2017-08-22 01:29:37', '2', null);
INSERT INTO `sys_log` VALUES ('37924', '1', 'http://localhost/', '127.0.0.1', '/basic/meter', null, '', '0', 'com.shangsc.platform.controller.basic.MeterController', 'index', '2017-08-22 01:29:38', '0', null);
INSERT INTO `sys_log` VALUES ('37925', '1', 'http://localhost/basic/meter', '127.0.0.1', '/basic/meter/getListData', null, '', '0', 'com.shangsc.platform.controller.basic.MeterController', 'getListData', '2017-08-22 01:29:38', '2', null);
INSERT INTO `sys_log` VALUES ('37926', '1', 'http://localhost/', '127.0.0.1', '/basic/well', null, '', '0', 'com.shangsc.platform.controller.basic.WellController', 'index', '2017-08-22 01:29:39', '0', null);
INSERT INTO `sys_log` VALUES ('37927', '1', 'http://localhost/basic/well', '127.0.0.1', '/basic/well/getListData', null, '', '0', 'com.shangsc.platform.controller.basic.WellController', 'getListData', '2017-08-22 01:29:39', '2', null);
INSERT INTO `sys_log` VALUES ('37928', '1', 'http://localhost/', '127.0.0.1', '/basic/waterindex', null, '', '0', 'com.shangsc.platform.controller.basic.WaterIndexController', 'index', '2017-08-22 01:29:40', '0', null);
INSERT INTO `sys_log` VALUES ('37929', '1', 'http://localhost/basic/waterindex', '127.0.0.1', '/basic/waterindex/getListData', null, '', '0', 'com.shangsc.platform.controller.basic.WaterIndexController', 'getListData', '2017-08-22 01:29:40', '1', null);
INSERT INTO `sys_log` VALUES ('37930', '1', 'http://localhost/', '127.0.0.1', '/basic/waterindex/add', null, '', '0', 'com.shangsc.platform.controller.basic.WaterIndexController', 'add', '2017-08-22 01:29:45', '2', null);
INSERT INTO `sys_log` VALUES ('37931', '1', 'http://localhost/', '127.0.0.1', '/basic/meter/add', null, '', '0', 'com.shangsc.platform.controller.basic.MeterController', 'add', '2017-08-22 01:29:54', '2', null);
INSERT INTO `sys_log` VALUES ('37932', '1', 'http://localhost/basic/meter/add?id=1', '127.0.0.1', '/basic/meter/save', null, '', '0', 'com.shangsc.platform.controller.basic.MeterController', 'save', '2017-08-22 01:30:00', '4', null);
INSERT INTO `sys_log` VALUES ('37933', '1', 'http://localhost/basic/meter', '127.0.0.1', '/basic/meter/getListData', null, '', '0', 'com.shangsc.platform.controller.basic.MeterController', 'getListData', '2017-08-22 01:30:00', '1', null);
INSERT INTO `sys_log` VALUES ('37934', '1', 'http://localhost/', '127.0.0.1', '/basic/meter', null, '', '0', 'com.shangsc.platform.controller.basic.MeterController', 'index', '2017-08-22 01:30:05', '0', null);
INSERT INTO `sys_log` VALUES ('37935', '1', 'http://localhost/basic/meter', '127.0.0.1', '/basic/meter/getListData', null, '', '0', 'com.shangsc.platform.controller.basic.MeterController', 'getListData', '2017-08-22 01:30:05', '1', null);
INSERT INTO `sys_log` VALUES ('37936', '1', 'http://localhost/', '127.0.0.1', '/basic/waterindex', null, '', '0', 'com.shangsc.platform.controller.basic.WaterIndexController', 'index', '2017-08-22 01:32:30', '0', null);
INSERT INTO `sys_log` VALUES ('37937', '1', 'http://localhost/basic/waterindex', '127.0.0.1', '/basic/waterindex/getListData', null, '', '0', 'com.shangsc.platform.controller.basic.WaterIndexController', 'getListData', '2017-08-22 01:32:30', '2', null);
INSERT INTO `sys_log` VALUES ('37938', '1', 'http://localhost/', '127.0.0.1', '/basic/company', null, '', '0', 'com.shangsc.platform.controller.basic.CompanyController', 'index', '2017-08-22 01:32:31', '1', null);
INSERT INTO `sys_log` VALUES ('37939', '1', 'http://localhost/basic/company', '127.0.0.1', '/basic/company/getListData', null, '', '0', 'com.shangsc.platform.controller.basic.CompanyController', 'getListData', '2017-08-22 01:32:31', '2', null);
INSERT INTO `sys_log` VALUES ('37940', '1', 'http://localhost/', '127.0.0.1', '/basic/meter', null, '', '0', 'com.shangsc.platform.controller.basic.MeterController', 'index', '2017-08-22 01:32:32', '1', null);
INSERT INTO `sys_log` VALUES ('37941', '1', 'http://localhost/basic/meter', '127.0.0.1', '/basic/meter/getListData', null, '', '0', 'com.shangsc.platform.controller.basic.MeterController', 'getListData', '2017-08-22 01:32:32', '3', null);
INSERT INTO `sys_log` VALUES ('37942', '1', 'http://localhost/', '127.0.0.1', '/basic/well', null, '', '0', 'com.shangsc.platform.controller.basic.WellController', 'index', '2017-08-22 01:32:33', '0', null);
INSERT INTO `sys_log` VALUES ('37943', '1', 'http://localhost/basic/well', '127.0.0.1', '/basic/well/getListData', null, '', '0', 'com.shangsc.platform.controller.basic.WellController', 'getListData', '2017-08-22 01:32:33', '1', null);
INSERT INTO `sys_log` VALUES ('37944', '1', 'http://localhost/', '127.0.0.1', '/basic/company/add', null, '', '0', 'com.shangsc.platform.controller.basic.CompanyController', 'add', '2017-08-22 01:32:39', '0', null);
INSERT INTO `sys_log` VALUES ('37945', '1', 'http://localhost/', '127.0.0.1', '/basic/meter/add', null, '', '0', 'com.shangsc.platform.controller.basic.MeterController', 'add', '2017-08-22 01:33:15', '0', null);
INSERT INTO `sys_log` VALUES ('37946', '1', 'http://localhost/', '127.0.0.1', '/basic/meter/add', null, '', '0', 'com.shangsc.platform.controller.basic.MeterController', 'add', '2017-08-22 01:33:22', '0', null);
INSERT INTO `sys_log` VALUES ('37947', '1', 'http://localhost/', '127.0.0.1', '/basic/meter', null, '', '0', 'com.shangsc.platform.controller.basic.MeterController', 'index', '2017-08-22 01:33:50', '0', null);
INSERT INTO `sys_log` VALUES ('37948', '1', 'http://localhost/basic/meter', '127.0.0.1', '/basic/meter/getListData', null, '', '0', 'com.shangsc.platform.controller.basic.MeterController', 'getListData', '2017-08-22 01:33:50', '2', null);
INSERT INTO `sys_log` VALUES ('37949', '1', 'http://localhost/', '127.0.0.1', '/basic/meter/add', null, '', '0', 'com.shangsc.platform.controller.basic.MeterController', 'add', '2017-08-22 01:33:52', '0', null);
INSERT INTO `sys_log` VALUES ('37950', '1', 'http://localhost/', '127.0.0.1', '/basic/company', null, '', '0', 'com.shangsc.platform.controller.basic.CompanyController', 'index', '2017-08-22 01:33:59', '0', null);
INSERT INTO `sys_log` VALUES ('37951', '1', 'http://localhost/basic/company', '127.0.0.1', '/basic/company/getListData', null, '', '0', 'com.shangsc.platform.controller.basic.CompanyController', 'getListData', '2017-08-22 01:33:59', '2', null);
INSERT INTO `sys_log` VALUES ('37952', '1', 'http://localhost/', '127.0.0.1', '/basic/well', null, '', '0', 'com.shangsc.platform.controller.basic.WellController', 'index', '2017-08-22 01:34:00', '0', null);
INSERT INTO `sys_log` VALUES ('37953', '1', 'http://localhost/basic/well', '127.0.0.1', '/basic/well/getListData', null, '', '0', 'com.shangsc.platform.controller.basic.WellController', 'getListData', '2017-08-22 01:34:00', '5', null);
INSERT INTO `sys_log` VALUES ('37954', '1', 'http://localhost/', '127.0.0.1', '/basic/well/add', null, '', '0', 'com.shangsc.platform.controller.basic.WellController', 'add', '2017-08-22 01:34:01', '0', null);
INSERT INTO `sys_log` VALUES ('37955', '1', 'http://localhost/', '127.0.0.1', '/basic/waterindex', null, '', '0', 'com.shangsc.platform.controller.basic.WaterIndexController', 'index', '2017-08-22 01:34:06', '1', null);
INSERT INTO `sys_log` VALUES ('37956', '1', 'http://localhost/basic/waterindex', '127.0.0.1', '/basic/waterindex/getListData', null, '', '0', 'com.shangsc.platform.controller.basic.WaterIndexController', 'getListData', '2017-08-22 01:34:06', '1', null);
INSERT INTO `sys_log` VALUES ('37957', '1', 'http://localhost/', '127.0.0.1', '/basic/waterindex/add', null, '', '0', 'com.shangsc.platform.controller.basic.WaterIndexController', 'add', '2017-08-22 01:34:07', '0', null);
INSERT INTO `sys_log` VALUES ('37958', '1', 'http://localhost/', '127.0.0.1', '/sys/res', null, '', '0', 'com.shangsc.platform.controller.sys.ResController', 'index', '2017-08-22 01:36:04', '0', null);
INSERT INTO `sys_log` VALUES ('37959', '1', 'http://localhost/sys/res', '127.0.0.1', '/sys/res/getTreeGridView', null, '', '0', 'com.shangsc.platform.controller.sys.ResController', 'getTreeGridView', '2017-08-22 01:36:04', '39', null);
INSERT INTO `sys_log` VALUES ('37960', '1', 'http://localhost/', '127.0.0.1', '/basic/ad', null, '', '0', 'com.shangsc.platform.controller.basic.AdController', 'index', '2017-08-22 01:36:06', '0', null);
INSERT INTO `sys_log` VALUES ('37961', '1', 'http://localhost/basic/ad', '127.0.0.1', '/basic/ad/getListData', null, 'java.lang.NullPointerException\r\n	at com.shangsc.platform.core.model.BaseModel.getTableName(BaseModel.java:162)\r\n	at com.shangsc.platform.core.model.BaseModel.getPage(BaseModel.java:89)\r\n	at com.shangsc.platform.core.model.BaseModel.getPage(BaseModel.java:83)\r\n	at com.shangsc.platform.controller.basic.AdController.getListData(AdController.java:39)\r\n	at sun.reflect.NativeMethodAccessorImpl.invoke0(Native Method)\r\n	at sun.reflect.NativeMethodAccessorImpl.invoke(NativeMethodAccessorImpl.java:57)\r\n	at sun.reflect.DelegatingMethodAccessorImpl.invoke(DelegatingMethodAccessorImpl.java:43)\r\n	at java.lang.reflect.Method.invoke(Method.java:606)\r\n	at com.jfinal.aop.Invocation.invoke(Invocation.java:73)\r\n	at com.shangsc.platform.core.auth.interceptor.AuthorityInterceptor.intercept(AuthorityInterceptor.java:92)\r\n	at com.jfinal.aop.Invocation.invoke(Invocation.java:67)\r\n	at com.shangsc.platform.core.auth.interceptor.SysLogInterceptor.intercept(SysLogInterceptor.java:44)\r\n	at com.jfinal.aop.Invocation.invoke(Invocation.java:67)\r\n	at com.jfinal.core.ActionHandler.handle(ActionHandler.java:74)\r\n	at com.shangsc.platform.core.handler.ResourceHandler.handle(ResourceHandler.java:26)\r\n	at com.jfinal.plugin.druid.DruidStatViewHandler.handle(DruidStatViewHandler.java:75)\r\n	at com.jfinal.core.JFinalFilter.doFilter(JFinalFilter.java:74)\r\n	at org.apache.catalina.core.ApplicationFilterChain.internalDoFilter(ApplicationFilterChain.java:241)\r\n	at org.apache.catalina.core.ApplicationFilterChain.doFilter(ApplicationFilterChain.java:208)\r\n	at org.apache.catalina.core.StandardWrapperValve.invoke(StandardWrapperValve.java:220)\r\n	at org.apache.catalina.core.StandardContextValve.invoke(StandardContextValve.java:122)\r\n	at org.apache.catalina.authenticator.AuthenticatorBase.invoke(AuthenticatorBase.java:505)\r\n	at org.apache.catalina.core.StandardHostValve.invoke(StandardHostValve.java:170)\r\n	at org.apache.catalina.valves.ErrorReportValve.invoke(ErrorReportValve.java:103)\r\n	at org.apache.catalina.valves.AccessLogValve.invoke(AccessLogValve.java:957)\r\n	at org.apache.catalina.core.StandardEngineValve.invoke(StandardEngineValve.java:116)\r\n	at org.apache.catalina.connector.CoyoteAdapter.service(CoyoteAdapter.java:423)\r\n	at org.apache.coyote.http11.AbstractHttp11Processor.process(AbstractHttp11Processor.java:1079)\r\n	at org.apache.coyote.AbstractProtocol$AbstractConnectionHandler.process(AbstractProtocol.java:620)\r\n	at org.apache.tomcat.util.net.AprEndpoint$SocketProcessor.doRun(AprEndpoint.java:2516)\r\n	at org.apache.tomcat.util.net.AprEndpoint$SocketProcessor.run(AprEndpoint.java:2505)\r\n	at java.util.concurrent.ThreadPoolExecutor.runWorker(ThreadPoolExecutor.java:1145)\r\n	at java.util.concurrent.ThreadPoolExecutor$Worker.run(ThreadPoolExecutor.java:615)\r\n	at org.apache.tomcat.util.threads.TaskThread$WrappingRunnable.run(TaskThread.java:61)\r\n	at java.lang.Thread.run(Thread.java:745)\r\n', '-1', 'com.shangsc.platform.controller.basic.AdController', 'getListData', '2017-08-22 01:36:06', '1', null);
INSERT INTO `sys_log` VALUES ('37962', '1', 'http://localhost/', '127.0.0.1', '/sys/user', null, '', '0', 'com.shangsc.platform.controller.sys.UserController', 'index', '2017-08-22 01:36:07', '0', null);
INSERT INTO `sys_log` VALUES ('37963', '1', 'http://localhost/sys/user', '127.0.0.1', '/sys/user/getListData', null, '', '0', 'com.shangsc.platform.controller.sys.UserController', 'getListData', '2017-08-22 01:36:07', '4', null);
INSERT INTO `sys_log` VALUES ('37964', '1', 'http://localhost/', '127.0.0.1', '/dict', null, '', '0', 'com.shangsc.platform.controller.sys.DictController', 'index', '2017-08-22 01:36:08', '0', null);
INSERT INTO `sys_log` VALUES ('37965', '1', 'http://localhost/dict', '127.0.0.1', '/dict/getTypeListData', null, '', '0', 'com.shangsc.platform.controller.sys.DictController', 'getTypeListData', '2017-08-22 01:36:09', '3', null);
INSERT INTO `sys_log` VALUES ('37966', '1', 'http://localhost/', '127.0.0.1', '/dict/data_index', null, '', '0', 'com.shangsc.platform.controller.sys.DictController', 'data_index', '2017-08-22 01:37:01', '0', null);
INSERT INTO `sys_log` VALUES ('37967', '1', 'http://localhost/dict/data_index?typeId=8', '127.0.0.1', '/dict/getListData', null, '', '0', 'com.shangsc.platform.controller.sys.DictController', 'getListData', '2017-08-22 01:37:02', '3', null);
INSERT INTO `sys_log` VALUES ('37968', '1', 'http://localhost/', '127.0.0.1', '/dict', null, '', '0', 'com.shangsc.platform.controller.sys.DictController', 'index', '2017-08-22 01:37:12', '0', null);
INSERT INTO `sys_log` VALUES ('37969', '1', 'http://localhost/dict', '127.0.0.1', '/dict/getTypeListData', null, '', '0', 'com.shangsc.platform.controller.sys.DictController', 'getTypeListData', '2017-08-22 01:37:13', '2', null);
INSERT INTO `sys_log` VALUES ('37970', '1', 'http://localhost/', '127.0.0.1', '/dict', null, '', '0', 'com.shangsc.platform.controller.sys.DictController', 'index', '2017-08-22 01:37:52', '0', null);
INSERT INTO `sys_log` VALUES ('37971', '1', 'http://localhost/dict', '127.0.0.1', '/dict/getTypeListData', null, '', '0', 'com.shangsc.platform.controller.sys.DictController', 'getTypeListData', '2017-08-22 01:37:52', '2', null);
INSERT INTO `sys_log` VALUES ('37972', '1', 'http://localhost/', '127.0.0.1', '/dict/data_index', null, '', '0', 'com.shangsc.platform.controller.sys.DictController', 'data_index', '2017-08-22 01:37:56', '0', null);
INSERT INTO `sys_log` VALUES ('37973', '1', 'http://localhost/dict/data_index?typeId=8', '127.0.0.1', '/dict/getListData', null, '', '0', 'com.shangsc.platform.controller.sys.DictController', 'getListData', '2017-08-22 01:37:56', '2', null);
INSERT INTO `sys_log` VALUES ('37974', '1', 'http://localhost/', '127.0.0.1', '/dict', null, '', '0', 'com.shangsc.platform.controller.sys.DictController', 'index', '2017-08-22 01:38:27', '0', null);
INSERT INTO `sys_log` VALUES ('37975', '1', 'http://localhost/dict', '127.0.0.1', '/dict/getTypeListData', null, '', '0', 'com.shangsc.platform.controller.sys.DictController', 'getTypeListData', '2017-08-22 01:38:27', '2', null);
INSERT INTO `sys_log` VALUES ('37976', '1', 'http://localhost/', '127.0.0.1', '/dict/data_index', null, '', '0', 'com.shangsc.platform.controller.sys.DictController', 'data_index', '2017-08-22 01:38:29', '0', null);
INSERT INTO `sys_log` VALUES ('37977', '1', 'http://localhost/dict/data_index?typeId=8', '127.0.0.1', '/dict/getListData', null, '', '0', 'com.shangsc.platform.controller.sys.DictController', 'getListData', '2017-08-22 01:38:29', '2', null);
INSERT INTO `sys_log` VALUES ('37978', '1', 'http://localhost/', '127.0.0.1', '/dict', null, '', '0', 'com.shangsc.platform.controller.sys.DictController', 'index', '2017-08-22 01:41:28', '0', null);
INSERT INTO `sys_log` VALUES ('37979', '1', 'http://localhost/dict', '127.0.0.1', '/dict/getTypeListData', null, '', '0', 'com.shangsc.platform.controller.sys.DictController', 'getTypeListData', '2017-08-22 01:41:28', '2', null);
INSERT INTO `sys_log` VALUES ('37980', '1', 'http://localhost/', '127.0.0.1', '/statis/actual', null, '', '0', 'com.shangsc.platform.controller.statis.ActualController', 'index', '2017-08-22 01:42:57', '0', null);
INSERT INTO `sys_log` VALUES ('37981', '1', 'http://localhost/statis/actual', '127.0.0.1', '/statis/actual/getListData', null, '', '0', 'com.shangsc.platform.controller.statis.ActualController', 'getListData', '2017-08-22 01:42:57', '1', null);
INSERT INTO `sys_log` VALUES ('37982', '1', 'http://localhost/', '127.0.0.1', '/basic/company', null, '', '0', 'com.shangsc.platform.controller.basic.CompanyController', 'index', '2017-08-22 01:42:58', '0', null);
INSERT INTO `sys_log` VALUES ('37983', '1', 'http://localhost/basic/company', '127.0.0.1', '/basic/company/getListData', null, '', '0', 'com.shangsc.platform.controller.basic.CompanyController', 'getListData', '2017-08-22 01:42:59', '2', null);
INSERT INTO `sys_log` VALUES ('37984', '1', 'http://localhost/', '127.0.0.1', '/basic/meter', null, '', '0', 'com.shangsc.platform.controller.basic.MeterController', 'index', '2017-08-22 01:42:59', '0', null);
INSERT INTO `sys_log` VALUES ('37985', '1', 'http://localhost/basic/meter', '127.0.0.1', '/basic/meter/getListData', null, '', '0', 'com.shangsc.platform.controller.basic.MeterController', 'getListData', '2017-08-22 01:42:59', '3', null);
INSERT INTO `sys_log` VALUES ('37986', '1', 'http://localhost/', '127.0.0.1', '/basic/well', null, '', '0', 'com.shangsc.platform.controller.basic.WellController', 'index', '2017-08-22 01:42:59', '0', null);
INSERT INTO `sys_log` VALUES ('37987', '1', 'http://localhost/basic/well', '127.0.0.1', '/basic/well/getListData', null, '', '0', 'com.shangsc.platform.controller.basic.WellController', 'getListData', '2017-08-22 01:42:59', '1', null);
INSERT INTO `sys_log` VALUES ('37988', '1', 'http://localhost/', '127.0.0.1', '/basic/waterindex', null, '', '0', 'com.shangsc.platform.controller.basic.WaterIndexController', 'index', '2017-08-22 01:43:00', '0', null);
INSERT INTO `sys_log` VALUES ('37989', '1', 'http://localhost/basic/waterindex', '127.0.0.1', '/basic/waterindex/getListData', null, '', '0', 'com.shangsc.platform.controller.basic.WaterIndexController', 'getListData', '2017-08-22 01:43:00', '1', null);
INSERT INTO `sys_log` VALUES ('37990', '1', 'http://localhost/', '127.0.0.1', '/statis/daily', null, '', '0', 'com.shangsc.platform.controller.statis.DailyStatisController', 'index', '2017-08-22 01:43:02', '0', null);
INSERT INTO `sys_log` VALUES ('37991', '1', 'http://localhost/statis/daily', '127.0.0.1', '/statis/daily/getListData', null, '', '0', 'com.shangsc.platform.controller.statis.DailyStatisController', 'getListData', '2017-08-22 01:43:02', '0', null);
INSERT INTO `sys_log` VALUES ('37992', '1', 'http://localhost/', '127.0.0.1', '/statis/readnum', null, '', '0', 'com.shangsc.platform.controller.statis.ReadnumStatisController', 'index', '2017-08-22 01:43:03', '0', null);
INSERT INTO `sys_log` VALUES ('37993', '1', 'http://localhost/', '127.0.0.1', '/statis/month', null, '', '0', 'com.shangsc.platform.controller.statis.MonthStatisController', 'index', '2017-08-22 01:43:03', '0', null);
INSERT INTO `sys_log` VALUES ('37994', '1', 'http://localhost/statis/month', '127.0.0.1', '/statis/month/getListData', null, '', '0', 'com.shangsc.platform.controller.statis.MonthStatisController', 'getListData', '2017-08-22 01:43:03', '0', null);
INSERT INTO `sys_log` VALUES ('37995', '1', 'http://localhost/', '127.0.0.1', '/statis/year', null, '', '0', 'com.shangsc.platform.controller.statis.YearStatisController', 'index', '2017-08-22 01:43:04', '0', null);
INSERT INTO `sys_log` VALUES ('37996', '1', 'http://localhost/statis/year', '127.0.0.1', '/statis/year/getListData', null, '', '0', 'com.shangsc.platform.controller.statis.YearStatisController', 'getListData', '2017-08-22 01:43:04', '0', null);
INSERT INTO `sys_log` VALUES ('37997', '1', 'http://localhost/', '127.0.0.1', '/basic/waterindex', null, '', '0', 'com.shangsc.platform.controller.basic.WaterIndexController', 'index', '2017-08-22 01:43:42', '0', null);
INSERT INTO `sys_log` VALUES ('37998', '1', 'http://localhost/basic/waterindex', '127.0.0.1', '/basic/waterindex/getListData', null, '', '0', 'com.shangsc.platform.controller.basic.WaterIndexController', 'getListData', '2017-08-22 01:43:42', '2', null);
INSERT INTO `sys_log` VALUES ('37999', '1', 'http://localhost/', '127.0.0.1', '/basic/waterindex', null, '', '0', 'com.shangsc.platform.controller.basic.WaterIndexController', 'index', '2017-08-22 01:44:05', '0', null);
INSERT INTO `sys_log` VALUES ('38000', '1', 'http://localhost/basic/waterindex', '127.0.0.1', '/basic/waterindex/getListData', null, '', '0', 'com.shangsc.platform.controller.basic.WaterIndexController', 'getListData', '2017-08-22 01:44:06', '1', null);
INSERT INTO `sys_log` VALUES ('38001', '1', 'http://localhost/', '127.0.0.1', '/statis/actual', null, '', '0', 'com.shangsc.platform.controller.statis.ActualController', 'index', '2017-08-22 01:53:59', '0', null);
INSERT INTO `sys_log` VALUES ('38002', '1', 'http://localhost/statis/actual', '127.0.0.1', '/statis/actual/getListData', null, '', '0', 'com.shangsc.platform.controller.statis.ActualController', 'getListData', '2017-08-22 01:53:59', '1', null);
INSERT INTO `sys_log` VALUES ('38003', '1', 'http://localhost/', '127.0.0.1', '/statis/actual', null, '', '0', 'com.shangsc.platform.controller.statis.ActualController', 'index', '2017-08-22 01:55:00', '1', null);
INSERT INTO `sys_log` VALUES ('38004', '1', 'http://localhost/statis/actual', '127.0.0.1', '/statis/actual/getListData', null, '', '0', 'com.shangsc.platform.controller.statis.ActualController', 'getListData', '2017-08-22 01:55:00', '1', null);
INSERT INTO `sys_log` VALUES ('38005', '1', 'http://localhost/', '127.0.0.1', '/statis/actual', null, '', '0', 'com.shangsc.platform.controller.statis.ActualController', 'index', '2017-08-22 01:55:13', '0', null);
INSERT INTO `sys_log` VALUES ('38006', '1', 'http://localhost/statis/actual', '127.0.0.1', '/statis/actual/getListData', null, '', '0', 'com.shangsc.platform.controller.statis.ActualController', 'getListData', '2017-08-22 01:55:14', '0', null);
INSERT INTO `sys_log` VALUES ('38007', '1', 'http://localhost/', '127.0.0.1', '/statis/actual', null, '', '0', 'com.shangsc.platform.controller.statis.ActualController', 'index', '2017-08-22 01:55:21', '0', null);
INSERT INTO `sys_log` VALUES ('38008', '1', 'http://localhost/statis/actual', '127.0.0.1', '/statis/actual/getListData', null, '', '0', 'com.shangsc.platform.controller.statis.ActualController', 'getListData', '2017-08-22 01:55:22', '2', null);
INSERT INTO `sys_log` VALUES ('38009', '1', 'http://localhost/', '127.0.0.1', '/basic/company', null, '', '0', 'com.shangsc.platform.controller.basic.CompanyController', 'index', '2017-08-22 01:55:24', '1', null);
INSERT INTO `sys_log` VALUES ('38010', '1', 'http://localhost/basic/company', '127.0.0.1', '/basic/company/getListData', null, '', '0', 'com.shangsc.platform.controller.basic.CompanyController', 'getListData', '2017-08-22 01:55:25', '2', null);
INSERT INTO `sys_log` VALUES ('38011', '1', 'http://localhost/login', '127.0.0.1', '/image/getCode', null, '', '0', 'com.shangsc.platform.controller.ImageController', 'getCode', '2017-08-22 01:55:30', '271', null);
INSERT INTO `sys_log` VALUES ('38012', '1', 'http://localhost/', '127.0.0.1', '/statis/actual', null, '', '0', 'com.shangsc.platform.controller.statis.ActualController', 'index', '2017-08-22 01:55:45', '0', null);
INSERT INTO `sys_log` VALUES ('38013', '1', 'http://localhost/statis/actual', '127.0.0.1', '/statis/actual/getListData', null, '', '0', 'com.shangsc.platform.controller.statis.ActualController', 'getListData', '2017-08-22 01:55:45', '0', null);
INSERT INTO `sys_log` VALUES ('38014', '1', 'http://localhost/', '127.0.0.1', '/statis/actual', null, '', '0', 'com.shangsc.platform.controller.statis.ActualController', 'index', '2017-08-22 01:56:38', '0', null);
INSERT INTO `sys_log` VALUES ('38015', '1', 'http://localhost/statis/actual', '127.0.0.1', '/statis/actual/getListData', null, '', '0', 'com.shangsc.platform.controller.statis.ActualController', 'getListData', '2017-08-22 01:56:38', '1', null);
INSERT INTO `sys_log` VALUES ('38016', '1', 'http://localhost/', '127.0.0.1', '/basic/meter', null, '', '0', 'com.shangsc.platform.controller.basic.MeterController', 'index', '2017-08-22 01:56:53', '0', null);
INSERT INTO `sys_log` VALUES ('38017', '1', 'http://localhost/basic/meter', '127.0.0.1', '/basic/meter/getListData', null, '', '0', 'com.shangsc.platform.controller.basic.MeterController', 'getListData', '2017-08-22 01:56:54', '2', null);
INSERT INTO `sys_log` VALUES ('38018', '1', 'http://localhost/', '127.0.0.1', '/basic/well', null, '', '0', 'com.shangsc.platform.controller.basic.WellController', 'index', '2017-08-22 01:56:54', '0', null);
INSERT INTO `sys_log` VALUES ('38019', '1', 'http://localhost/basic/well', '127.0.0.1', '/basic/well/getListData', null, '', '0', 'com.shangsc.platform.controller.basic.WellController', 'getListData', '2017-08-22 01:56:54', '2', null);
INSERT INTO `sys_log` VALUES ('38020', '1', 'http://localhost/', '127.0.0.1', '/basic/waterindex', null, '', '0', 'com.shangsc.platform.controller.basic.WaterIndexController', 'index', '2017-08-22 01:56:55', '0', null);
INSERT INTO `sys_log` VALUES ('38021', '1', 'http://localhost/basic/waterindex', '127.0.0.1', '/basic/waterindex/getListData', null, '', '0', 'com.shangsc.platform.controller.basic.WaterIndexController', 'getListData', '2017-08-22 01:56:55', '2', null);
INSERT INTO `sys_log` VALUES ('38022', '1', 'http://localhost/', '127.0.0.1', '/basic/company', null, '', '0', 'com.shangsc.platform.controller.basic.CompanyController', 'index', '2017-08-22 01:56:56', '0', null);
INSERT INTO `sys_log` VALUES ('38023', '1', 'http://localhost/basic/company', '127.0.0.1', '/basic/company/getListData', null, '', '0', 'com.shangsc.platform.controller.basic.CompanyController', 'getListData', '2017-08-22 01:56:56', '2', null);

-- ----------------------------
-- Table structure for sys_login_record
-- ----------------------------
DROP TABLE IF EXISTS `sys_login_record`;
CREATE TABLE `sys_login_record` (
  `id` int(11) NOT NULL AUTO_INCREMENT,
  `sys_uid` int(11) NOT NULL,
  `login_date` datetime NOT NULL COMMENT '登陆时间',
  `login_err_times` int(11) NOT NULL COMMENT '1天内连续出错次数',
  `login_status` tinyint(4) NOT NULL COMMENT '1-成功  0-失败',
  PRIMARY KEY (`id`)
) ENGINE=InnoDB AUTO_INCREMENT=48 DEFAULT CHARSET=utf8 COMMENT='后台系统登陆记录';

-- ----------------------------
-- Records of sys_login_record
-- ----------------------------
INSERT INTO `sys_login_record` VALUES ('16', '1', '2017-08-18 22:43:17', '0', '1');
INSERT INTO `sys_login_record` VALUES ('17', '1', '2017-08-18 23:01:18', '0', '1');
INSERT INTO `sys_login_record` VALUES ('18', '1', '2017-08-18 23:55:55', '0', '1');
INSERT INTO `sys_login_record` VALUES ('19', '1', '2017-08-19 00:03:38', '0', '1');
INSERT INTO `sys_login_record` VALUES ('20', '1', '2017-08-19 01:46:29', '0', '1');
INSERT INTO `sys_login_record` VALUES ('21', '1', '2017-08-20 17:26:48', '0', '1');
INSERT INTO `sys_login_record` VALUES ('22', '1', '2017-08-20 17:37:55', '0', '1');
INSERT INTO `sys_login_record` VALUES ('23', '1', '2017-08-20 17:57:17', '0', '1');
INSERT INTO `sys_login_record` VALUES ('24', '1', '2017-08-20 18:13:48', '0', '1');
INSERT INTO `sys_login_record` VALUES ('25', '1', '2017-08-20 18:22:35', '0', '1');
INSERT INTO `sys_login_record` VALUES ('26', '1', '2017-08-20 20:10:24', '0', '1');
INSERT INTO `sys_login_record` VALUES ('27', '1', '2017-08-20 20:35:08', '0', '1');
INSERT INTO `sys_login_record` VALUES ('28', '1', '2017-08-20 20:39:47', '0', '1');
INSERT INTO `sys_login_record` VALUES ('29', '1', '2017-08-20 21:02:53', '0', '1');
INSERT INTO `sys_login_record` VALUES ('30', '1', '2017-08-20 21:05:30', '0', '1');
INSERT INTO `sys_login_record` VALUES ('31', '1', '2017-08-20 21:17:46', '0', '1');
INSERT INTO `sys_login_record` VALUES ('32', '1', '2017-08-20 21:43:14', '0', '1');
INSERT INTO `sys_login_record` VALUES ('33', '1', '2017-08-20 21:50:54', '0', '1');
INSERT INTO `sys_login_record` VALUES ('34', '1', '2017-08-20 22:05:50', '0', '1');
INSERT INTO `sys_login_record` VALUES ('35', '1', '2017-08-20 23:41:32', '0', '1');
INSERT INTO `sys_login_record` VALUES ('36', '1', '2017-08-21 01:10:09', '0', '1');
INSERT INTO `sys_login_record` VALUES ('37', '1', '2017-08-21 01:21:36', '0', '1');
INSERT INTO `sys_login_record` VALUES ('38', '1', '2017-08-21 22:06:08', '0', '1');
INSERT INTO `sys_login_record` VALUES ('39', '1', '2017-08-21 22:10:39', '0', '1');
INSERT INTO `sys_login_record` VALUES ('40', '1', '2017-08-21 22:16:55', '0', '1');
INSERT INTO `sys_login_record` VALUES ('41', '1', '2017-08-21 22:33:35', '0', '1');
INSERT INTO `sys_login_record` VALUES ('42', '1', '2017-08-21 22:40:55', '0', '1');
INSERT INTO `sys_login_record` VALUES ('43', '1', '2017-08-21 23:05:42', '0', '1');
INSERT INTO `sys_login_record` VALUES ('44', '1', '2017-08-21 23:26:19', '0', '1');
INSERT INTO `sys_login_record` VALUES ('45', '1', '2017-08-21 23:43:39', '0', '1');
INSERT INTO `sys_login_record` VALUES ('46', '1', '2017-08-22 00:24:27', '0', '1');
INSERT INTO `sys_login_record` VALUES ('47', '1', '2017-08-22 01:55:43', '0', '1');

-- ----------------------------
-- Table structure for sys_res
-- ----------------------------
DROP TABLE IF EXISTS `sys_res`;
CREATE TABLE `sys_res` (
  `id` int(11) NOT NULL AUTO_INCREMENT,
  `pid` int(11) DEFAULT NULL,
  `name` varchar(111) DEFAULT NULL,
  `des` varchar(255) DEFAULT NULL,
  `url` varchar(255) DEFAULT NULL,
  `iconCls` varchar(255) DEFAULT 'am-icon-file',
  `seq` int(11) DEFAULT '1',
  `type` int(1) DEFAULT '2' COMMENT '1 功能 2 权限',
  `modifydate` timestamp NULL DEFAULT NULL,
  `enabled` int(1) DEFAULT '1' COMMENT '是否启用 1：启用  0：禁用',
  `level` int(11) DEFAULT '0',
  PRIMARY KEY (`id`)
) ENGINE=InnoDB AUTO_INCREMENT=206 DEFAULT CHARSET=utf8 ROW_FORMAT=COMPACT;

-- ----------------------------
-- Records of sys_res
-- ----------------------------
INSERT INTO `sys_res` VALUES ('1', null, '系统管理', '系统管理', '', 'fa-cogs', '10', '1', null, '1', '0');
INSERT INTO `sys_res` VALUES ('2', '1', '资源管理', null, '/sys/res', 'fa-list', '1', '1', null, '1', '1');
INSERT INTO `sys_res` VALUES ('3', '1', '角色管理', null, '/sys/role', 'fa-list', '10', '1', null, '1', '1');
INSERT INTO `sys_res` VALUES ('4', '1', '用户管理', null, '/sys/user', 'fa-list', '11', '1', null, '1', '1');
INSERT INTO `sys_res` VALUES ('9', '4', '用户删除', null, '/sys/user/delete', 'fa-list', '1', '2', null, '1', '2');
INSERT INTO `sys_res` VALUES ('12', '4', '搜索用户', null, '/sys/user/serach', 'fa-list', '1', '2', null, '1', '2');
INSERT INTO `sys_res` VALUES ('18', '2', '资源删除', null, '/sys/res/delete', 'fa-list', '11', '2', null, '1', '0');
INSERT INTO `sys_res` VALUES ('19', '2', '资源保存', null, '/sys/res/save', 'fa-list', '11', '2', null, '1', '0');
INSERT INTO `sys_res` VALUES ('28', '3', '角色删除', null, '/sys/role/delete', 'fa-list', '11', '2', null, '1', '0');
INSERT INTO `sys_res` VALUES ('29', '3', '角色保存', null, '/sys/role/save', 'fa-list', '11', '2', null, '1', '0');
INSERT INTO `sys_res` VALUES ('63', '4', '冻结用户', null, '/sys/user/freeze', 'fa-list', '11', '2', null, '1', '0');
INSERT INTO `sys_res` VALUES ('146', '4', '用户列表', null, '/sys/user/list', 'fa-list', '8', '2', null, '1', '0');
INSERT INTO `sys_res` VALUES ('147', '4', '用户保存', null, '/sys/user/save', 'fa-list', '10', '2', null, '1', '0');
INSERT INTO `sys_res` VALUES ('150', '1', '操作日志', null, '/sys/log', 'fa-list', '11', '1', null, '1', '0');
INSERT INTO `sys_res` VALUES ('152', null, '控制台', '1234', '/', 'fa-tachometer', '1', '1', '2015-02-10 16:09:40', '1', '0');
INSERT INTO `sys_res` VALUES ('181', '1', '数据字典', null, '/dict', 'fa-list', '12', '1', null, '1', '0');
INSERT INTO `sys_res` VALUES ('182', '181', '数据字典列表', null, '/dict/list', 'fa-list', '1', '2', null, '1', '0');
INSERT INTO `sys_res` VALUES ('192', null, 'APP管理', null, '', 'fa-android', '9', '1', null, '1', '0');
INSERT INTO `sys_res` VALUES ('193', '192', 'App版本管理', null, '/app', '', '1', '1', null, '1', '0');
INSERT INTO `sys_res` VALUES ('194', null, '基础信息', null, '', 'fa-pencil-square-o', '2', '1', null, '1', '1');
INSERT INTO `sys_res` VALUES ('195', '194', '单位信息', null, '/basic/company', 'fa-list', '1', '1', null, '1', '2');
INSERT INTO `sys_res` VALUES ('196', '194', '水表信息', null, '/basic/meter', 'fa-list', '2', '1', null, '1', '0');
INSERT INTO `sys_res` VALUES ('197', '194', '水井信息', null, '/basic/well', 'fa-list', '3', '1', null, '1', '0');
INSERT INTO `sys_res` VALUES ('198', '194', '用水指标', null, '/basic/waterindex', 'fa-list', '4', '1', null, '1', '0');
INSERT INTO `sys_res` VALUES ('199', null, '实时数据', null, '/statis/actual', 'fa-desktop', '1', '1', null, '1', '0');
INSERT INTO `sys_res` VALUES ('200', null, '统计查询', null, '', 'fa-list-alt', '4', '1', null, '1', '0');
INSERT INTO `sys_res` VALUES ('201', '200', '读数查询', null, '/statis/readnum', 'fa-list', '2', '1', null, '1', '0');
INSERT INTO `sys_res` VALUES ('202', '200', '日用水量', null, '/statis/daily', 'fa-list', '3', '1', null, '1', '0');
INSERT INTO `sys_res` VALUES ('203', '200', '月用水量', null, '/statis/month', 'fa-list', '4', '1', null, '1', '0');
INSERT INTO `sys_res` VALUES ('204', '200', '年用水量', null, '/statis/year', 'fa-list', '5', '1', null, '1', '0');
INSERT INTO `sys_res` VALUES ('205', '1', '发布广告', null, '/basic/ad', 'fa-list', '6', '1', null, '1', '0');

-- ----------------------------
-- Table structure for sys_role
-- ----------------------------
DROP TABLE IF EXISTS `sys_role`;
CREATE TABLE `sys_role` (
  `id` int(11) NOT NULL AUTO_INCREMENT,
  `name` varchar(55) NOT NULL DEFAULT '',
  `des` varchar(55) DEFAULT NULL,
  `seq` int(11) DEFAULT '1',
  `createdate` datetime DEFAULT NULL,
  `status` int(11) DEFAULT '1' COMMENT '0-禁用  1-启用',
  PRIMARY KEY (`id`)
) ENGINE=InnoDB AUTO_INCREMENT=61 DEFAULT CHARSET=utf8 ROW_FORMAT=COMPACT;

-- ----------------------------
-- Records of sys_role
-- ----------------------------
INSERT INTO `sys_role` VALUES ('1', 'admin', '超级管理员', '1', '2015-05-05 14:24:26', '1');
INSERT INTO `sys_role` VALUES ('56', '内容编辑', '内容编辑4', '1', null, '1');
INSERT INTO `sys_role` VALUES ('57', '客服人员', '客服人员', '1', null, '1');
INSERT INTO `sys_role` VALUES ('60', 'dd', 'ss ', '1', null, '1');

-- ----------------------------
-- Table structure for sys_role_res
-- ----------------------------
DROP TABLE IF EXISTS `sys_role_res`;
CREATE TABLE `sys_role_res` (
  `id` int(11) NOT NULL AUTO_INCREMENT,
  `res_id` int(11) DEFAULT NULL,
  `role_id` int(11) DEFAULT NULL,
  PRIMARY KEY (`id`),
  KEY `FK_sys_ROLE_RES_RES_ID` (`res_id`),
  KEY `FK_sys_ROLE_RES_ROLE_ID` (`role_id`),
  CONSTRAINT `sys_role_res_ibfk_1` FOREIGN KEY (`res_id`) REFERENCES `sys_res` (`id`) ON DELETE CASCADE ON UPDATE CASCADE,
  CONSTRAINT `sys_role_res_ibfk_2` FOREIGN KEY (`role_id`) REFERENCES `sys_role` (`id`) ON DELETE CASCADE ON UPDATE CASCADE
) ENGINE=InnoDB AUTO_INCREMENT=4187 DEFAULT CHARSET=utf8 ROW_FORMAT=COMPACT;

-- ----------------------------
-- Records of sys_role_res
-- ----------------------------
INSERT INTO `sys_role_res` VALUES ('4141', '1', '1');
INSERT INTO `sys_role_res` VALUES ('4142', '2', '1');
INSERT INTO `sys_role_res` VALUES ('4143', '18', '1');
INSERT INTO `sys_role_res` VALUES ('4144', '19', '1');
INSERT INTO `sys_role_res` VALUES ('4145', '3', '1');
INSERT INTO `sys_role_res` VALUES ('4146', '28', '1');
INSERT INTO `sys_role_res` VALUES ('4147', '29', '1');
INSERT INTO `sys_role_res` VALUES ('4148', '4', '1');
INSERT INTO `sys_role_res` VALUES ('4149', '9', '1');
INSERT INTO `sys_role_res` VALUES ('4150', '12', '1');
INSERT INTO `sys_role_res` VALUES ('4151', '63', '1');
INSERT INTO `sys_role_res` VALUES ('4152', '146', '1');
INSERT INTO `sys_role_res` VALUES ('4153', '147', '1');
INSERT INTO `sys_role_res` VALUES ('4154', '150', '1');
INSERT INTO `sys_role_res` VALUES ('4155', '181', '1');
INSERT INTO `sys_role_res` VALUES ('4156', '182', '1');
INSERT INTO `sys_role_res` VALUES ('4157', '152', '1');
INSERT INTO `sys_role_res` VALUES ('4162', '192', '1');
INSERT INTO `sys_role_res` VALUES ('4163', '193', '1');
INSERT INTO `sys_role_res` VALUES ('4168', '1', '56');
INSERT INTO `sys_role_res` VALUES ('4169', '2', '56');
INSERT INTO `sys_role_res` VALUES ('4170', '18', '56');
INSERT INTO `sys_role_res` VALUES ('4171', '19', '56');
INSERT INTO `sys_role_res` VALUES ('4172', '3', '56');
INSERT INTO `sys_role_res` VALUES ('4173', '28', '56');
INSERT INTO `sys_role_res` VALUES ('4174', '29', '56');
INSERT INTO `sys_role_res` VALUES ('4175', '194', '1');
INSERT INTO `sys_role_res` VALUES ('4176', '195', '1');
INSERT INTO `sys_role_res` VALUES ('4177', '196', '1');
INSERT INTO `sys_role_res` VALUES ('4178', '197', '1');
INSERT INTO `sys_role_res` VALUES ('4179', '198', '1');
INSERT INTO `sys_role_res` VALUES ('4180', '199', '1');
INSERT INTO `sys_role_res` VALUES ('4181', '200', '1');
INSERT INTO `sys_role_res` VALUES ('4182', '201', '1');
INSERT INTO `sys_role_res` VALUES ('4183', '202', '1');
INSERT INTO `sys_role_res` VALUES ('4184', '203', '1');
INSERT INTO `sys_role_res` VALUES ('4185', '204', '1');
INSERT INTO `sys_role_res` VALUES ('4186', '205', '1');

-- ----------------------------
-- Table structure for sys_user
-- ----------------------------
DROP TABLE IF EXISTS `sys_user`;
CREATE TABLE `sys_user` (
  `id` int(11) NOT NULL AUTO_INCREMENT,
  `name` varchar(55) DEFAULT NULL,
  `pwd` varchar(255) DEFAULT NULL,
  `des` varchar(55) DEFAULT NULL,
  `status` int(1) DEFAULT '1' COMMENT '#1 不在线 2.封号状态 ',
  `icon` varchar(255) DEFAULT '/images/guest.jpg',
  `email` varchar(50) DEFAULT NULL,
  `createdate` datetime DEFAULT NULL,
  `phone` varchar(15) DEFAULT NULL,
  `token` varchar(64) DEFAULT NULL COMMENT 'cookieid',
  PRIMARY KEY (`id`),
  UNIQUE KEY `name_index` (`name`),
  UNIQUE KEY `token_index` (`token`)
) ENGINE=InnoDB AUTO_INCREMENT=35 DEFAULT CHARSET=utf8 ROW_FORMAT=COMPACT;

-- ----------------------------
-- Records of sys_user
-- ----------------------------
INSERT INTO `sys_user` VALUES ('1', 'admin', '6fc3b9ada8c1e50b400cd6998ff7be76ea3ae312', '1289', '1', '/sys/static/i/9.jpg', 'admin@admin.com', '2015-07-15 18:00:27', '1234567', 'UzNk7MKbVABao0I275SAs9ShzyYtLQooG42fkoDcL9QtkuFP1Xm7QOtIMrbvxbLc');
INSERT INTO `sys_user` VALUES ('32', 'eason', '5d46f91596dc2f24c1535148f778af0a25612289', 'sfsf', '1', '/images/guest.jpg', '569165857@qq.com', '2016-06-12 23:54:24', '13332892938', null);
INSERT INTO `sys_user` VALUES ('34', 'test', '6fc3b9ada8c1e50b400cd6998ff7be76ea3ae312', 'dfsdfsdfddf ', '1', '/images/guest.jpg', '569165857@qq.com', '2016-07-02 22:24:50', '13332892938', 'hDEflmnlVituFC6hbfTzeze8RVSRseIfdgBAGkAU2RRh4c4kIrIYXTTuwEG2Caem');

-- ----------------------------
-- Table structure for sys_user_role
-- ----------------------------
DROP TABLE IF EXISTS `sys_user_role`;
CREATE TABLE `sys_user_role` (
  `id` int(11) NOT NULL AUTO_INCREMENT,
  `user_id` int(11) DEFAULT NULL,
  `role_id` int(11) DEFAULT NULL,
  PRIMARY KEY (`id`),
  KEY `FK_SYSTME_USER_ROLE_USER_ID` (`user_id`),
  KEY `FK_SYSTME_USER_ROLE_ROLE_ID` (`role_id`),
  CONSTRAINT `sys_user_role_ibfk_1` FOREIGN KEY (`role_id`) REFERENCES `sys_role` (`id`) ON DELETE CASCADE ON UPDATE CASCADE,
  CONSTRAINT `sys_user_role_ibfk_2` FOREIGN KEY (`user_id`) REFERENCES `sys_user` (`id`) ON DELETE CASCADE ON UPDATE CASCADE
) ENGINE=InnoDB AUTO_INCREMENT=337 DEFAULT CHARSET=utf8 ROW_FORMAT=COMPACT;

-- ----------------------------
-- Records of sys_user_role
-- ----------------------------
INSERT INTO `sys_user_role` VALUES ('315', '1', '1');
INSERT INTO `sys_user_role` VALUES ('333', '32', '1');
INSERT INTO `sys_user_role` VALUES ('334', '32', '56');
INSERT INTO `sys_user_role` VALUES ('335', '32', '57');
INSERT INTO `sys_user_role` VALUES ('336', '32', '60');

-- ----------------------------
-- Table structure for t_actual_data
-- ----------------------------
DROP TABLE IF EXISTS `t_actual_data`;
CREATE TABLE `t_actual_data` (
  `id` bigint(20) NOT NULL AUTO_INCREMENT COMMENT 'id',
  `company_id` bigint(20) DEFAULT NULL COMMENT '单位id',
  `inner_code` varchar(50) DEFAULT NULL COMMENT '单位编号',
  `line_num` varchar(255) DEFAULT NULL COMMENT '路别',
  `meter_num` varchar(50) DEFAULT NULL COMMENT '水表表号',
  `waters_type` tinyint(4) DEFAULT NULL COMMENT '水源类型',
  `alarm` varchar(255) DEFAULT NULL COMMENT '告警',
  `net_water` decimal(10,2) DEFAULT NULL COMMENT '净用水量',
  `state` tinyint(4) DEFAULT NULL COMMENT '状态',
  `write_time` datetime DEFAULT NULL COMMENT '抄表时间',
  `voltage` varchar(50) DEFAULT NULL COMMENT '电池电压',
  PRIMARY KEY (`id`)
) ENGINE=InnoDB DEFAULT CHARSET=utf8 ROW_FORMAT=COMPACT COMMENT='实时数据';

-- ----------------------------
-- Records of t_actual_data
-- ----------------------------

-- ----------------------------
-- Table structure for t_ad
-- ----------------------------
DROP TABLE IF EXISTS `t_ad`;
CREATE TABLE `t_ad` (
  `id` bigint(20) NOT NULL AUTO_INCREMENT COMMENT 'id',
  `title` varchar(100) DEFAULT NULL COMMENT '标题',
  `content` varchar(500) DEFAULT NULL COMMENT '内容',
  `img_url` varchar(255) DEFAULT NULL COMMENT '图片地址',
  `status` tinyint(4) DEFAULT NULL COMMENT '发布状态',
  `memo` varchar(500) DEFAULT NULL COMMENT '备注',
  `create_user` varchar(50) DEFAULT NULL COMMENT '创建人',
  `create_time` datetime DEFAULT NULL COMMENT '创建时间',
  PRIMARY KEY (`id`)
) ENGINE=InnoDB DEFAULT CHARSET=utf8 ROW_FORMAT=COMPACT COMMENT='水井信息';

-- ----------------------------
-- Records of t_ad
-- ----------------------------

-- ----------------------------
-- Table structure for t_company
-- ----------------------------
DROP TABLE IF EXISTS `t_company`;
CREATE TABLE `t_company` (
  `id` bigint(20) NOT NULL AUTO_INCREMENT COMMENT 'id',
  `inner_code` varchar(50) DEFAULT NULL COMMENT '单位编号',
  `name` varchar(255) DEFAULT NULL COMMENT '单位名称',
  `street` varchar(255) DEFAULT NULL COMMENT '所属乡镇或街道',
  `address` varchar(255) DEFAULT NULL COMMENT '单位地址',
  `customer_type` tinyint(4) DEFAULT NULL COMMENT '用户类型',
  `water_use_type` tinyint(4) DEFAULT NULL COMMENT '取水用途',
  `contact` varchar(100) DEFAULT NULL COMMENT '联系人',
  `phone` varchar(20) DEFAULT NULL COMMENT '联系电话',
  `postal_code` varchar(50) DEFAULT NULL COMMENT '邮政编码',
  `department` varchar(255) DEFAULT NULL COMMENT '管水部门',
  `well_count` int(11) DEFAULT '0' COMMENT '水井数量',
  `first_watermeter_count` int(11) DEFAULT '0' COMMENT '一级表数量',
  `remotemeter_count` int(11) DEFAULT '0' COMMENT '远传表数量',
  `unit_type` tinyint(4) DEFAULT NULL COMMENT '节约用水型单位类型',
  `create_time` datetime DEFAULT NULL COMMENT '创建时间',
  PRIMARY KEY (`id`)
) ENGINE=InnoDB AUTO_INCREMENT=3 DEFAULT CHARSET=utf8 ROW_FORMAT=COMPACT COMMENT='单位表';

-- ----------------------------
-- Records of t_company
-- ----------------------------
INSERT INTO `t_company` VALUES ('1', '001', '北京某某科技股份有限公司', '海淀区西二旗辉煌国际65号', '11', '111', '11', '11', '18622222222', '1', '1', '1', '1', '1', '1', '2017-08-20 21:07:16');
INSERT INTO `t_company` VALUES ('2', '111111', '11111', '1', '1', '11', '1', '1', '1', '1', '11', '1', '111', '1', '1', '2017-08-22 00:06:18');

-- ----------------------------
-- Table structure for t_water_index
-- ----------------------------
DROP TABLE IF EXISTS `t_water_index`;
CREATE TABLE `t_water_index` (
  `id` bigint(20) NOT NULL AUTO_INCREMENT COMMENT 'id',
  `company_id` bigint(20) DEFAULT NULL COMMENT '单位id',
  `inner_code` varchar(50) DEFAULT NULL COMMENT '单位编号',
  `water_use_type` varchar(255) DEFAULT NULL COMMENT '取水用途',
  `water_index` decimal(10,2) DEFAULT NULL COMMENT '年用水指标',
  `january` decimal(10,2) DEFAULT NULL COMMENT '一月',
  `february` decimal(10,2) DEFAULT NULL COMMENT '二月',
  `march` decimal(10,2) DEFAULT NULL COMMENT '三月',
  `april` decimal(10,2) DEFAULT NULL COMMENT '四月',
  `may` decimal(10,2) DEFAULT NULL COMMENT '五月',
  `june` decimal(10,2) DEFAULT NULL COMMENT '六月',
  `july` decimal(10,2) DEFAULT NULL COMMENT '七月',
  `august` decimal(10,2) DEFAULT NULL COMMENT '八月',
  `september` decimal(10,2) DEFAULT NULL COMMENT '九月',
  `october` decimal(10,2) DEFAULT NULL COMMENT '十月',
  `november` decimal(10,2) DEFAULT NULL COMMENT '十一月',
  `december` decimal(10,2) DEFAULT NULL COMMENT '十二月',
  PRIMARY KEY (`id`)
) ENGINE=InnoDB AUTO_INCREMENT=2 DEFAULT CHARSET=utf8 ROW_FORMAT=COMPACT COMMENT='年用水指标';

-- ----------------------------
-- Records of t_water_index
-- ----------------------------
INSERT INTO `t_water_index` VALUES ('1', null, '111', '1', '1.00', '1.00', '1.08', '1.00', '1.00', '1.00', '1.00', '1.00', '1.00', '1.00', '1.00', '1.00', '1.00');

-- ----------------------------
-- Table structure for t_water_meter
-- ----------------------------
DROP TABLE IF EXISTS `t_water_meter`;
CREATE TABLE `t_water_meter` (
  `id` bigint(20) NOT NULL AUTO_INCREMENT COMMENT 'id',
  `company_id` bigint(20) DEFAULT NULL COMMENT '单位id',
  `inner_code` varchar(50) DEFAULT NULL COMMENT '单位编号',
  `line_num` varchar(50) DEFAULT NULL COMMENT '路别',
  `meter_num` varchar(50) DEFAULT NULL COMMENT '水表表号',
  `waters_type` tinyint(4) DEFAULT NULL COMMENT '水源类型',
  `water_use_type` tinyint(4) DEFAULT NULL COMMENT '取水用途',
  `meter_attr` varchar(50) DEFAULT NULL COMMENT '水表属性',
  `charge_type` tinyint(4) DEFAULT NULL COMMENT '收费类型',
  `billing_cycle` varchar(50) DEFAULT NULL COMMENT '计费周期',
  `regist_date` datetime DEFAULT NULL COMMENT '注册日期',
  PRIMARY KEY (`id`)
) ENGINE=InnoDB AUTO_INCREMENT=2 DEFAULT CHARSET=utf8 ROW_FORMAT=COMPACT COMMENT='水表信息';

-- ----------------------------
-- Records of t_water_meter
-- ----------------------------
INSERT INTO `t_water_meter` VALUES ('1', null, '11', '1111111', '1', '1', null, '1', '1', '1', null);

-- ----------------------------
-- Table structure for t_well
-- ----------------------------
DROP TABLE IF EXISTS `t_well`;
CREATE TABLE `t_well` (
  `id` bigint(20) NOT NULL AUTO_INCREMENT COMMENT 'id',
  `well_num` varchar(50) DEFAULT NULL COMMENT '水井编号',
  `name` varchar(255) DEFAULT NULL COMMENT '水井名称',
  `company_id` bigint(20) DEFAULT NULL COMMENT '单位id',
  `inner_code` varchar(50) DEFAULT NULL COMMENT '单位编号',
  `township` varchar(100) DEFAULT NULL COMMENT '乡',
  `village` varchar(100) DEFAULT NULL COMMENT '村',
  `address` varchar(100) DEFAULT NULL COMMENT '水井地址',
  `start_date` datetime DEFAULT NULL COMMENT '成井时间（年）',
  `well_depth` decimal(10,2) DEFAULT NULL COMMENT '井深（米）',
  `ground_depth` decimal(10,2) DEFAULT NULL COMMENT '地下水埋深（米）',
  `oneself_well` tinyint(2) DEFAULT NULL COMMENT '是否为单位自备井',
  `inner_diameter` decimal(10,2) DEFAULT NULL COMMENT '井口井管内径（毫米）',
  `material` varchar(255) DEFAULT NULL COMMENT '井壁管材料',
  `application` varchar(255) DEFAULT NULL COMMENT '应用状况',
  `electromechanics` tinyint(2) DEFAULT NULL COMMENT '是否已配套机电设备',
  `calculate_water` tinyint(2) DEFAULT NULL COMMENT '是否已安装水量计量设施',
  `pump_model` varchar(50) DEFAULT NULL COMMENT '水泵型号',
  `calculate_type` tinyint(4) DEFAULT NULL COMMENT '水量计量设施类型',
  `above_scale` tinyint(2) DEFAULT NULL COMMENT '是否为规模以上地下水水源地的水井',
  `geomorphic_type` tinyint(4) DEFAULT NULL COMMENT '所在地貌类型区',
  `ground_type` tinyint(4) DEFAULT NULL COMMENT '所取用地下水的类型',
  `name_code` varchar(255) DEFAULT NULL COMMENT '所在水资源三级区名称及编码',
  `waters_type` tinyint(4) DEFAULT NULL COMMENT '水源类型',
  `use_efficiency` varchar(100) DEFAULT NULL COMMENT '主要取水用途及效益',
  `method` varchar(50) DEFAULT NULL COMMENT '取水量确定方法',
  `licence` tinyint(2) DEFAULT NULL COMMENT '是否已办理取水许可证',
  `licence_code` varchar(50) DEFAULT NULL COMMENT '取水许可证编号',
  `water_withdrawals` decimal(10,2) DEFAULT NULL COMMENT '年许可取水量（万立方米）',
  PRIMARY KEY (`id`)
) ENGINE=InnoDB DEFAULT CHARSET=utf8 ROW_FORMAT=COMPACT COMMENT='水井信息';

-- ----------------------------
-- Records of t_well
-- ----------------------------
